QB,QB_player_key,QB_points,WR1,WR1_player_key,WR1_points,WR2,WR2_player_key,WR2_points,RB1,RB1_player_key,RB1_points,RB2,RB2_player_key,RB2_points,TE,TE_player_key,TE_points,W/R/T,W/R/T_player_key,W/R/T_points,BN1,BN1_player_key,BN1_points,BN2,BN2_player_key,BN2_points,BN3,BN3_player_key,BN3_points,BN4,BN4_player_key,BN4_points,BN5,BN5_player_key,BN5_points,K,K_player_key,K_points,DEF,DEF_player_key,DEF_points,BN6,BN6_points,team_name,manager,week,BN6_player_key
Brock Osweiler,359.p.25767,15.1,Mike Evans,359.p.27535,18.4,Brandin Cooks,359.p.27548,30.4,Ezekiel Elliott,359.p.29238,11.7,Christine Michael,359.p.26685,8.1,Delanie Walker,359.p.7924,5.7,Golden Tate,359.p.24035,7.8,Duke Johnson,359.p.28465,6.5,Tom Brady,359.p.5228,0.0,Sterling Shepard,359.p.29274,11.8,Jerick McKinnon,359.p.27624,1.4,Chris Hogan,359.p.25178,13.5,Chandler Catanzaro,359.p.28103,1.5,Green Bay,359.p.100009,10.0,,,The Ice Cold Bruschi,Ricky,1,
Aaron Rodgers,359.p.7200,22.23,Brandon Marshall,359.p.7868,4.7,T.Y. Hilton,359.p.25802,10.9,Matt Forte,359.p.8821,18.0,DeAngelo Williams,359.p.7776,32.1,Gary Barnidge,359.p.8907,0.0,Tyler Lockett,359.p.28457,3.2,Kevin White,359.p.28395,4.9,Theo Riddick,359.p.26822,25.3,Darren Sproles,359.p.7306,4.6,Bruce Ellington,359.p.27634,0.0,Robert Griffin III,359.p.25712,7.03,Justin Tucker,359.p.26534,7.5,Carolina,359.p.100029,10.5,,,Immortal Duffmen,Pat,1,
Russell Wilson,359.p.25785,10.2,Antonio Brown,359.p.24171,28.6,Emmanuel Sanders,359.p.24057,7.4,C.J. Anderson,359.p.26878,27.9,James White,359.p.27658,6.9,Julius Thomas,359.p.24916,14.9,Michael Crabtree,359.p.9274,13.2,Jeremy Hill,359.p.27583,9.1,Travis Benjamin,359.p.25810,6.7,Matt Ryan,359.p.8780,21.13,Phillip Dorsett,359.p.28417,11.4,Virgil Green,359.p.24991,4.8,Graham Gano,359.p.9526,7.0,New England,359.p.100017,6.0,,,Jadeveon's Hit Men,Tim,1,
Matthew Stafford,359.p.9265,23.83,Keenan Allen,359.p.26699,9.3,Julian Edelman,359.p.9496,11.7,Adrian Peterson,359.p.8261,3.1,T.J. Yeldon,359.p.28424,14.9,Antonio Gates,359.p.6663,3.5,Doug Baldwin,359.p.25105,19.7,Carson Palmer,359.p.6337,16.13,Allen Hurns,359.p.27874,9.5,Markus Wheaton,359.p.26702,0.0,Shane Vereen,359.p.24843,7.6,Ladarius Green,359.p.25820,0.0,Connor Barth,359.p.9219,1.0,New York,359.p.100020,13.5,,,John Brown's Army,Eric,1,
Ben Roethlisberger,359.p.6770,17.8,Alshon Jeffery,359.p.25755,12.5,Randall Cobb,359.p.24851,9.8,David Johnson,359.p.28474,21.2,Matt Jones,359.p.28483,3.8,Coby Fleener,359.p.25744,1.1,Dwayne Allen,359.p.25774,14.3,Rishard Matthews,359.p.25937,4.1,Devin Funchess,359.p.28429,1.4,Mike Wallace,359.p.9348,17.7,Ryan Tannehill,359.p.25718,12.9,Karlos Williams,359.p.28543,0.0,Mason Crosby,359.p.8447,5.5,Denver,359.p.100007,8.0,,,The Twelve Apostles,Jones,1,
Cam Newton,359.p.24788,19.87,Jarvis Landry,359.p.27591,9.4,Donte Moncrief,359.p.27618,15.4,Latavius Murray,359.p.26804,13.7,Giovani Bernard,359.p.26660,4.0,Zach Ertz,359.p.26658,8.8,Corey Coleman,359.p.29249,7.9,Steve Smith,359.p.5521,4.4,Jason Witten,359.p.6405,11.1,Ryan Fitzpatrick,359.p.7426,12.8,Terrance West,359.p.27622,4.8,Alfred Morris,359.p.25883,3.5,Dan Bailey,359.p.25427,12.5,Kansas City,359.p.100012,2.5,,,SuperCam That Ho,Lauren,1,
Eli Manning,359.p.6760,15.9,A.J. Green,359.p.24791,30.0,Jeremy Maclin,359.p.9283,14.7,Devonta Freeman,359.p.27631,6.0,Danny Woodhead,359.p.9560,20.5,Martellus Bennett,359.p.8838,2.9,Jonathan Stewart,359.p.8790,6.4,Jordan Matthews,359.p.27570,20.9,Jameis Winston,359.p.28389,23.67,Bilal Powell,359.p.24913,5.8,Jimmy Graham,359.p.24070,1.6,Sammie Coates,359.p.28475,6.6,Adam Vinatieri,359.p.3727,8.5,Seattle,359.p.100026,11.5,,,Starr is Born,Nick,1,
Dak Prescott,359.p.29369,8.77,Amari Cooper,359.p.28392,16.7,Michael Floyd,359.p.25723,7.6,Todd Gurley,359.p.28398,4.7,Eddie Lacy,359.p.26684,8.3,Jared Cook,359.p.9353,1.2,Spencer Ware,359.p.26817,29.4,Willie Snead IV,359.p.28026,26.7,Melvin Gordon III,359.p.28403,17.7,Vincent Jackson,359.p.7237,2.8,Stefon Diggs,359.p.28534,13.7,DeAndre Washington,359.p.29377,2.9,Cairo Santos,359.p.28227,7.5,Pittsburgh,359.p.100023,6.5,,,The fishingtons,Buddy,1,
Andrew Luck,359.p.25711,31.93,Dez Bryant,359.p.23999,1.3,Demaryius Thomas,359.p.23997,6.8,Arian Foster,359.p.9527,10.5,Derrick Henry,359.p.29279,5.4,Austin Seferian-Jenkins,359.p.27566,9.5,Will Fuller V,359.p.29255,19.2,Le'Veon Bell,359.p.26671,0.0,Chris Ivory,359.p.24400,0.0,Rob Kelley,359.p.29694,0.0,Davante Adams,359.p.27581,12.5,Terrelle Pryor Sr.,359.p.25681,8.3,Stephen Hauschka,359.p.9066,6.0,Tampa Bay,359.p.100027,7.0,,,The Scientist,Kyle,1,
Philip Rivers,359.p.6763,13.0,Julio Jones,359.p.24793,14.6,John Brown,359.p.27619,1.3,Mark Ingram II,359.p.24815,9.7,Ryan Mathews,359.p.23987,13.7,Jordan Reed,359.p.26708,9.9,Frank Gore,359.p.7241,9.8,Kelvin Benjamin,359.p.27556,18.1,Isaiah Crowell,359.p.28014,14.8,Mohamed Sanu,359.p.25793,17.5,Charles Sims,359.p.27597,11.6,Eric Ebron,359.p.27538,13.1,Nick Folk,359.p.8432,7.5,Las Vegas,359.p.100013,2.5,,,Thug Bungalow,Michael,1,
Andy Dalton,359.p.24822,14.9,Allen Robinson II,359.p.27589,9.2,Eric Decker,359.p.24062,10.7,Lamar Miller,359.p.25807,12.7,Carlos Hyde,359.p.27585,22.3,Jordan Cameron,359.p.24889,1.6,Larry Fitzgerald,359.p.6762,24.1,Tyler Eifert,359.p.26644,0.0,Josh Gordon,359.p.26561,0.0,Michael Thomas,359.p.29281,8.8,Chris Johnson,359.p.8801,0.2,Ted Ginn Jr.,359.p.8263,3.0,Blair Walsh,359.p.25885,13.5,Houston,359.p.100034,13.0,,,Thunder Crotches,Jake,1,
Drew Brees,359.p.5479,28.6,DeSean Jackson,359.p.8826,13.2,Tavon Austin,359.p.26631,3.5,Thomas Rawls,359.p.28714,7.3,DeMarco Murray,359.p.24858,20.2,Vance McDonald,359.p.26678,8.4,Charcandrick West,359.p.28044,5.3,Torrey Smith,359.p.24845,2.3,Rob Gronkowski,359.p.24017,0.0,Jamaal Charles,359.p.8850,0.0,Tevin Coleman,359.p.28461,14.2,Eli Rogers,359.p.28669,14.9,Stephen Gostkowski,359.p.7867,11.0,Arizona,359.p.100022,9.0,,,Victor Cruisin,Frags,1,
Blake Bortles,359.p.27531,12.87,Odell Beckham Jr.,359.p.27540,9.3,Jordy Nelson,359.p.8813,12.2,LeSean McCoy,359.p.9317,15.0,Jeremy Langford,359.p.28494,13.3,Travis Kelce,359.p.26686,10.4,Ameer Abdullah,359.p.28442,20.5,DeVante Parker,359.p.28402,0.0,Pierre Garcon,359.p.8982,8.1,James Starks,359.p.24169,1.8,Justin Forsett,359.p.9010,6.6,Marshawn Lynch,359.p.8266,0.0,Brandon McManus,359.p.27120,1.5,Los Angeles,359.p.100014,5.0,,,who invited canada,Peter,1,
Tyrod Taylor,359.p.24967,4.8,DeAndre Hopkins,359.p.26650,13.9,Sammy Watkins,359.p.27532,6.3,Doug Martin,359.p.25741,12.1,Rashad Jennings,359.p.9514,8.3,Greg Olsen,359.p.8285,10.8,Marvin Jones Jr.,359.p.25876,10.5,Kirk Cousins,359.p.25812,7.77,LeGarrette Blount,359.p.24318,11.0,Kamar Aiken,359.p.25379,2.4,Zach Miller,359.p.9444,2.9,Tajae Sharpe,359.p.29374,11.1,Chris Boswell,359.p.28188,5.5,Minnesota,359.p.100016,25.0,,,We're Back,Nate,1,
Marcus Mariota,359.p.28390,15.03,Mike Evans,359.p.27535,16.0,Brandin Cooks,359.p.27548,10.3,Ezekiel Elliott,359.p.29238,12.7,Duke Johnson,359.p.28465,7.6,Delanie Walker,359.p.7924,17.3,Sterling Shepard,359.p.29274,15.7,Golden Tate,359.p.24035,2.3,Christine Michael,359.p.26685,8.1,Tom Brady,359.p.5228,0.0,Chris Hogan,359.p.25178,7.9,Green Bay,359.p.100009,12.5,Chandler Catanzaro,359.p.28103,7.0,Baltimore,359.p.100033,13.0,,,The Ice Cold Bruschi,Ricky,2,
Aaron Rodgers,359.p.7200,14.0,Brandon Marshall,359.p.7868,13.1,T.Y. Hilton,359.p.25802,6.1,Matt Forte,359.p.8821,29.9,DeAngelo Williams,359.p.7776,21.2,Gary Barnidge,359.p.8907,5.7,Theo Riddick,359.p.26822,8.5,Tyler Lockett,359.p.28457,11.9,Kevin White,359.p.28395,6.5,Darren Sproles,359.p.7306,5.8,Robert Griffin III,359.p.25712,0.0,,,,Justin Tucker,359.p.26534,11.0,Carolina,359.p.100029,16.5,,,Immortal Duffmen,Pat,2,
Russell Wilson,359.p.25785,8.87,Antonio Brown,359.p.24171,5.9,Emmanuel Sanders,359.p.24057,5.4,C.J. Anderson,359.p.26878,16.8,James White,359.p.27658,3.9,Julius Thomas,359.p.24916,9.1,Michael Crabtree,359.p.9274,11.1,Jeremy Hill,359.p.27583,7.4,Travis Benjamin,359.p.25810,26.4,Matt Ryan,359.p.8780,24.2,Phillip Dorsett,359.p.28417,3.5,Virgil Green,359.p.24991,6.1,Graham Gano,359.p.9526,14.0,New England,359.p.100017,8.5,,,Jadeveon's Hit Men,Tim,2,
Carson Palmer,359.p.6337,22.13,Julian Edelman,359.p.9496,11.1,Doug Baldwin,359.p.25105,3.5,Adrian Peterson,359.p.8261,3.6,T.J. Yeldon,359.p.28424,7.8,Antonio Gates,359.p.6663,9.0,Allen Hurns,359.p.27874,8.9,Matthew Stafford,359.p.9265,13.77,Markus Wheaton,359.p.26702,0.0,Shane Vereen,359.p.24843,6.1,Ladarius Green,359.p.25820,0.0,Victor Cruz,359.p.24553,9.1,Connor Barth,359.p.9219,1.0,New York,359.p.100020,4.0,,,John Brown's Army,Eric,2,
Ben Roethlisberger,359.p.6770,18.03,Alshon Jeffery,359.p.25755,12.1,Randall Cobb,359.p.24851,6.8,David Johnson,359.p.28474,15.8,Matt Jones,359.p.28483,13.0,Coby Fleener,359.p.25744,3.9,Mike Wallace,359.p.9348,18.1,Dwayne Allen,359.p.25774,3.5,Rishard Matthews,359.p.25937,6.0,Devin Funchess,359.p.28429,8.9,Ryan Tannehill,359.p.25718,19.4,Karlos Williams,359.p.28543,0.0,Mason Crosby,359.p.8447,1.0,Denver,359.p.100007,24.0,,,The Twelve Apostles,Jones,2,
Cam Newton,359.p.24788,27.47,Jarvis Landry,359.p.27591,16.5,Donte Moncrief,359.p.27618,1.4,Latavius Murray,359.p.26804,19.1,Giovani Bernard,359.p.26660,20.2,Jason Witten,359.p.6405,6.6,Corey Coleman,359.p.29249,24.9,Zach Ertz,359.p.26658,0.0,Steve Smith,359.p.5521,7.9,Ryan Fitzpatrick,359.p.7426,17.57,Terrance West,359.p.27622,6.2,Alfred Morris,359.p.25883,6.7,Dan Bailey,359.p.25427,6.5,Kansas City,359.p.100012,10.0,,,SuperCam That Ho,Lauren,2,
Eli Manning,359.p.6760,9.87,A.J. Green,359.p.24791,4.8,Jeremy Maclin,359.p.9283,9.8,Danny Woodhead,359.p.9560,3.6,Jonathan Stewart,359.p.8790,2.6,Brent Celek,359.p.8416,0.0,Devonta Freeman,359.p.27631,9.3,Martellus Bennett,359.p.8838,19.9,Jordan Matthews,359.p.27570,10.1,Jameis Winston,359.p.28389,3.0,Bilal Powell,359.p.24913,0.8,Cole Beasley,359.p.26060,10.0,Adam Vinatieri,359.p.3727,8.0,Seattle,359.p.100026,11.5,,,Starr is Born,Nick,2,
Derek Carr,359.p.27564,22.97,Amari Cooper,359.p.28392,8.6,Willie Snead IV,359.p.28026,13.9,Eddie Lacy,359.p.26684,5.0,Spencer Ware,359.p.26817,9.5,Jared Cook,359.p.9353,5.1,Todd Gurley,359.p.28398,7.5,Michael Floyd,359.p.25723,7.8,Melvin Gordon III,359.p.28403,19.5,Vincent Jackson,359.p.7237,6.4,Stefon Diggs,359.p.28534,28.7,DeAndre Washington,359.p.29377,5.7,Cairo Santos,359.p.28227,13.0,Pittsburgh,359.p.100023,7.5,,,The fishingtons,Buddy,2,
Andrew Luck,359.p.25711,8.77,Dez Bryant,359.p.23999,13.7,Will Fuller V,359.p.29255,12.4,Arian Foster,359.p.9527,0.9,Derrick Henry,359.p.29279,5.4,C.J. Uzomah,359.p.28545,2.4,Demaryius Thomas,359.p.23997,12.5,Le'Veon Bell,359.p.26671,0.0,Chris Ivory,359.p.24400,0.0,Rob Kelley,359.p.29694,0.0,Davante Adams,359.p.27581,2.1,Terrelle Pryor Sr.,359.p.25681,4.7,Stephen Hauschka,359.p.9066,2.0,Tampa Bay,359.p.100027,1.5,,,The Scientist,Kyle,2,
Philip Rivers,359.p.6763,22.33,Julio Jones,359.p.24793,19.1,Kelvin Benjamin,359.p.27556,26.3,Mark Ingram II,359.p.24815,6.7,Ryan Mathews,359.p.23987,16.0,Jordan Reed,359.p.26708,9.5,Eric Ebron,359.p.27538,7.3,John Brown,359.p.27619,1.9,Frank Gore,359.p.7241,13.8,Isaiah Crowell,359.p.28014,21.3,Mohamed Sanu,359.p.25793,3.4,Charles Sims,359.p.27597,4.3,Nick Folk,359.p.8432,9.0,Las Vegas,359.p.100013,1.5,,,Thug Bungalow,Michael,2,
Andy Dalton,359.p.24822,16.9,Allen Robinson II,359.p.27589,6.9,Eric Decker,359.p.24062,21.6,Lamar Miller,359.p.25807,10.7,Carlos Hyde,359.p.27585,4.7,Jacob Tamme,359.p.8916,16.0,Larry Fitzgerald,359.p.6762,16.6,Tyler Eifert,359.p.26644,0.0,Josh Gordon,359.p.26561,0.0,Michael Thomas,359.p.29281,7.6,Chris Johnson,359.p.8801,11.4,Ted Ginn Jr.,359.p.8263,4.6,Blair Walsh,359.p.25885,4.0,Houston,359.p.100034,16.0,,,Thunder Crotches,Jake,2,
Drew Brees,359.p.5479,12.77,DeSean Jackson,359.p.8826,5.5,Eli Rogers,359.p.28669,0.4,DeMarco Murray,359.p.24858,18.0,Tevin Coleman,359.p.28461,14.1,Jesse James,359.p.28548,10.4,Thomas Rawls,359.p.28714,2.3,Tavon Austin,359.p.26631,8.1,Rob Gronkowski,359.p.24017,0.0,Jamaal Charles,359.p.8850,0.0,Charcandrick West,359.p.28044,6.8,Torrey Smith,359.p.24845,13.0,Stephen Gostkowski,359.p.7867,5.0,Arizona,359.p.100022,25.5,,,Victor Cruisin,Frags,2,
Blake Bortles,359.p.27531,16.37,Odell Beckham Jr.,359.p.27540,12.6,Jordy Nelson,359.p.8813,15.8,LeSean McCoy,359.p.9317,11.0,Jeremy Langford,359.p.28494,7.9,Travis Kelce,359.p.26686,5.9,Ameer Abdullah,359.p.28442,3.8,Justin Forsett,359.p.9010,6.1,Tyrell Williams,359.p.28691,13.6,Nelson Agholor,359.p.28408,6.2,Jeremy Kerley,359.p.24940,4.4,Kenjon Barner,359.p.26805,0.2,Brandon McManus,359.p.27120,12.0,Philadelphia,359.p.100021,12.5,,,who invited canada,Peter,2,
Kirk Cousins,359.p.25812,16.13,DeAndre Hopkins,359.p.26650,20.8,Marvin Jones Jr.,359.p.25876,15.8,Doug Martin,359.p.25741,2.3,Rashad Jennings,359.p.9514,5.0,Greg Olsen,359.p.8285,20.7,LeGarrette Blount,359.p.24318,17.3,Sammy Watkins,359.p.27532,3.0,Tyrod Taylor,359.p.24967,22.4,Kamar Aiken,359.p.25379,0.0,Zach Miller,359.p.9444,5.3,Tajae Sharpe,359.p.29374,5.3,Chris Boswell,359.p.28188,4.5,Minnesota,359.p.100016,16.5,,,We're Back,Nate,2,
Marcus Mariota,359.p.28390,2.33,Mike Evans,359.p.27535,24.2,DeVante Parker,359.p.28402,12.6,Ezekiel Elliott,359.p.29238,17.0,Mark Ingram II,359.p.24815,19.7,Kyle Rudolph,359.p.24830,16.5,Christine Michael,359.p.26685,24.1,Delanie Walker,359.p.7924,0.0,Tom Brady,359.p.5228,0.0,Sterling Shepard,359.p.29274,15.8,Duke Johnson,359.p.28465,10.6,Golden Tate,359.p.24035,5.2,Chandler Catanzaro,359.p.28103,4.5,Cincinnati,359.p.100004,5.0,,,The Ice Cold Bruschi,Ricky,3,
Aaron Rodgers,359.p.7200,25.03,T.Y. Hilton,359.p.25802,27.4,Tyler Lockett,359.p.28457,0.0,Matt Forte,359.p.8821,7.4,DeAngelo Williams,359.p.7776,6.4,Gary Barnidge,359.p.8907,10.1,Theo Riddick,359.p.26822,8.3,Brandon Marshall,359.p.7868,4.2,Kevin White,359.p.28395,9.2,Darren Sproles,359.p.7306,21.7,Robert Griffin III,359.p.25712,0.0,,,,Justin Tucker,359.p.26534,13.5,Carolina,359.p.100029,7.0,,,Immortal Duffmen,Pat,3,
Russell Wilson,359.p.25785,12.4,Antonio Brown,359.p.24171,20.0,Travis Benjamin,359.p.25810,7.2,C.J. Anderson,359.p.26878,4.6,James White,359.p.27658,1.9,Julius Thomas,359.p.24916,2.3,Michael Crabtree,359.p.9274,14.2,Emmanuel Sanders,359.p.24057,28.2,Jeremy Hill,359.p.27583,21.7,Matt Ryan,359.p.8780,18.3,Phillip Dorsett,359.p.28417,4.2,Virgil Green,359.p.24991,0.0,Graham Gano,359.p.9526,3.5,New England,359.p.100017,20.0,,,Jadeveon's Hit Men,Tim,3,
Carson Palmer,359.p.6337,-0.43,Julian Edelman,359.p.9496,7.2,Doug Baldwin,359.p.25105,26.0,T.J. Yeldon,359.p.28424,3.8,Shane Vereen,359.p.24843,14.5,Jack Doyle,359.p.27299,9.5,Allen Hurns,359.p.27874,6.0,Antonio Gates,359.p.6663,0.0,Adrian Peterson,359.p.8261,0.0,Matthew Stafford,359.p.9265,23.93,Markus Wheaton,359.p.26702,0.7,Victor Cruz,359.p.24553,8.5,Connor Barth,359.p.9219,4.0,New York,359.p.100020,11.0,,,John Brown's Army,Eric,3,
Ben Roethlisberger,359.p.6770,4.27,Randall Cobb,359.p.24851,3.8,Mike Wallace,359.p.9348,5.4,David Johnson,359.p.28474,24.6,Matt Jones,359.p.28483,7.9,Coby Fleener,359.p.25744,20.4,Alshon Jeffery,359.p.25755,9.5,Dwayne Allen,359.p.25774,5.0,Rishard Matthews,359.p.25937,4.7,Devin Funchess,359.p.28429,0.0,Ryan Tannehill,359.p.25718,16.83,Jamison Crowder,359.p.28493,15.8,Mason Crosby,359.p.8447,8.0,Denver,359.p.100007,12.0,,,The Twelve Apostles,Jones,3,
Cam Newton,359.p.24788,11.33,Jarvis Landry,359.p.27591,23.1,Eddie Royal,359.p.8819,3.6,Latavius Murray,359.p.26804,10.3,Giovani Bernard,359.p.26660,6.9,Jason Witten,359.p.6405,3.5,Steve Smith,359.p.5521,12.7,Corey Coleman,359.p.29249,0.0,Donte Moncrief,359.p.27618,0.0,Zach Ertz,359.p.26658,0.0,Ryan Fitzpatrick,359.p.7426,-4.53,Kansas City,359.p.100012,35.5,Dan Bailey,359.p.25427,5.0,Baltimore,359.p.100033,15.5,,,SuperCam That Ho,Lauren,3,
Eli Manning,359.p.6760,9.67,A.J. Green,359.p.24791,11.7,Jeremy Maclin,359.p.9283,5.5,Devonta Freeman,359.p.27631,29.2,Matt Asiata,359.p.25238,2.4,Jimmy Graham,359.p.24070,17.0,Jordan Matthews,359.p.27570,8.9,Martellus Bennett,359.p.8838,2.6,Bilal Powell,359.p.24913,8.1,Jonathan Stewart,359.p.8790,0.0,Jameis Winston,359.p.28389,22.8,Cole Beasley,359.p.26060,10.8,Adam Vinatieri,359.p.3727,7.0,Seattle,359.p.100026,4.0,,,Starr is Born,Nick,3,
Derek Carr,359.p.27564,10.2,Amari Cooper,359.p.28392,8.2,Stefon Diggs,359.p.28534,6.0,Eddie Lacy,359.p.26684,11.0,Melvin Gordon III,359.p.28403,15.8,Dennis Pitta,359.p.24089,7.2,Todd Gurley,359.p.28398,20.5,Willie Snead IV,359.p.28026,0.0,Spencer Ware,359.p.26817,6.8,Michael Floyd,359.p.25723,8.5,Vincent Jackson,359.p.7237,5.2,,,,Cairo Santos,359.p.28227,3.5,Miami,359.p.100015,11.5,,,The fishingtons,Buddy,3,
Andrew Luck,359.p.25711,11.03,Dez Bryant,359.p.23999,11.5,Will Fuller V,359.p.29255,4.6,Derrick Henry,359.p.29279,4.5,Chris Ivory,359.p.24400,2.8,Hunter Henry,359.p.29269,7.7,Demaryius Thomas,359.p.23997,17.0,Jay Ajayi,359.p.28537,8.8,Arian Foster,359.p.9527,0.0,Le'Veon Bell,359.p.26671,0.0,Terrelle Pryor Sr.,359.p.25681,27.67,Dwayne Washington,359.p.29470,4.0,Stephen Hauschka,359.p.9066,10.0,Tampa Bay,359.p.100027,12.5,,,The Scientist,Kyle,3,
Philip Rivers,359.p.6763,9.07,Julio Jones,359.p.24793,2.1,Kelvin Benjamin,359.p.27556,0.0,Frank Gore,359.p.7241,13.8,Charles Sims,359.p.27597,21.4,Jordan Reed,359.p.26708,7.6,Brandin Cooks,359.p.27548,2.9,Isaiah Crowell,359.p.28014,7.9,Ryan Mathews,359.p.23987,-0.5,Eric Ebron,359.p.27538,9.4,Mohamed Sanu,359.p.25793,4.6,Jerick McKinnon,359.p.27624,6.2,Nick Folk,359.p.8432,2.0,Las Vegas,359.p.100013,12.5,,,Thug Bungalow,Michael,3,
Andy Dalton,359.p.24822,8.87,Allen Robinson II,359.p.27589,21.2,Eric Decker,359.p.24062,3.6,Lamar Miller,359.p.25807,12.7,Carlos Hyde,359.p.27585,24.0,Jacob Tamme,359.p.8916,4.3,Larry Fitzgerald,359.p.6762,9.5,Tyler Eifert,359.p.26644,0.0,Josh Gordon,359.p.26561,0.0,Michael Thomas,359.p.29281,16.6,Chris Johnson,359.p.8801,0.5,Ted Ginn Jr.,359.p.8263,8.2,Blair Walsh,359.p.25885,5.0,Houston,359.p.100034,1.5,,,Thunder Crotches,Jake,3,
Drew Brees,359.p.5479,23.43,DeSean Jackson,359.p.8826,18.1,Tavon Austin,359.p.26631,18.9,DeMarco Murray,359.p.24858,24.0,Tevin Coleman,359.p.28461,28.4,Rob Gronkowski,359.p.24017,0.0,Orleans Darkwa,359.p.28169,12.7,Quincy Enunwa,359.p.27737,5.7,Jamaal Charles,359.p.8850,0.0,Fozzy Whittaker,359.p.26596,8.1,Thomas Rawls,359.p.28714,0.0,Torrey Smith,359.p.24845,5.0,Stephen Gostkowski,359.p.7867,5.5,Arizona,359.p.100022,12.0,,,Victor Cruisin,Frags,3,
Blake Bortles,359.p.27531,10.17,Odell Beckham Jr.,359.p.27540,15.6,Jordy Nelson,359.p.8813,25.1,LeSean McCoy,359.p.9317,24.1,Jeremy Langford,359.p.28494,5.6,Travis Kelce,359.p.26686,17.9,Tyrell Williams,359.p.28691,9.9,Ameer Abdullah,359.p.28442,0.0,Justin Forsett,359.p.9010,6.2,Nelson Agholor,359.p.28408,3.6,Kenjon Barner,359.p.26805,10.2,Cameron Artis-Payne,359.p.28562,6.3,Brandon McManus,359.p.27120,3.0,San Francisco,359.p.100025,5.5,,,who invited canada,Peter,3,
Kirk Cousins,359.p.25812,16.37,DeAndre Hopkins,359.p.26650,7.6,Marvin Jones Jr.,359.p.25876,35.5,Rashad Jennings,359.p.9514,0.0,LeGarrette Blount,359.p.24318,22.5,Greg Olsen,359.p.8285,9.4,Tajae Sharpe,359.p.29374,6.3,Doug Martin,359.p.25741,0.0,Sammy Watkins,359.p.27532,0.0,Tyrod Taylor,359.p.24967,13.57,Kamar Aiken,359.p.25379,1.0,Zach Miller,359.p.9444,23.8,Chris Boswell,359.p.28188,3.0,Minnesota,359.p.100016,24.0,,,We're Back,Nate,3,
Joe Flacco,359.p.8795,19.03,Mike Evans,359.p.27535,8.4,DeVante Parker,359.p.28402,3.0,Ezekiel Elliott,359.p.29238,22.2,Mark Ingram II,359.p.24815,19.5,Kyle Rudolph,359.p.24830,14.0,Christine Michael,359.p.26685,17.5,Delanie Walker,359.p.7924,4.4,Tom Brady,359.p.5228,0.0,Sterling Shepard,359.p.29274,5.0,Duke Johnson,359.p.28465,8.6,Philadelphia,359.p.100021,0.0,Chandler Catanzaro,359.p.28103,4.5,New York,359.p.100019,1.5,,,The Ice Cold Bruschi,Ricky,4,
Dak Prescott,359.p.29369,16.47,T.Y. Hilton,359.p.25802,13.7,Tyler Lockett,359.p.28457,1.8,Matt Forte,359.p.8821,5.3,Theo Riddick,359.p.26822,7.8,Gary Barnidge,359.p.8907,9.2,Brandon Marshall,359.p.7868,16.9,DeAngelo Williams,359.p.7776,7.4,Aaron Rodgers,359.p.7200,0.0,Kevin White,359.p.28395,8.5,Darren Sproles,359.p.7306,0.0,,,,Justin Tucker,359.p.26534,5.5,Carolina,359.p.100029,12.0,,,Immortal Duffmen,Pat,4,
Russell Wilson,359.p.25785,21.8,Antonio Brown,359.p.24171,20.4,Travis Benjamin,359.p.25810,4.8,C.J. Anderson,359.p.26878,11.7,James White,359.p.27658,8.7,Julius Thomas,359.p.24916,0.0,Michael Crabtree,359.p.9274,30.3,Emmanuel Sanders,359.p.24057,18.8,Jeremy Hill,359.p.27583,7.1,Matt Ryan,359.p.8780,32.17,Phillip Dorsett,359.p.28417,13.2,Virgil Green,359.p.24991,0.0,Graham Gano,359.p.9526,5.0,New England,359.p.100017,5.5,,,Jadeveon's Hit Men,Tim,4,
Carson Palmer,359.p.6337,9.6,Julian Edelman,359.p.9496,1.2,Doug Baldwin,359.p.25105,7.4,T.J. Yeldon,359.p.28424,12.7,Shane Vereen,359.p.24843,0.0,Jack Doyle,359.p.27299,1.1,Allen Hurns,359.p.27874,11.7,Antonio Gates,359.p.6663,0.0,Adrian Peterson,359.p.8261,0.0,Matthew Stafford,359.p.9265,5.8,Markus Wheaton,359.p.26702,10.5,Victor Cruz,359.p.24553,7.5,Connor Barth,359.p.9219,3.0,New York,359.p.100020,6.0,,,John Brown's Army,Eric,4,
Ryan Tannehill,359.p.25718,6.3,Mike Wallace,359.p.9348,7.7,Jamison Crowder,359.p.28493,3.1,David Johnson,359.p.28474,12.4,Matt Jones,359.p.28483,20.8,Coby Fleener,359.p.25744,3.4,Alshon Jeffery,359.p.25755,6.1,Ben Roethlisberger,359.p.6770,30.9,Randall Cobb,359.p.24851,0.0,Dwayne Allen,359.p.25774,3.0,Wendell Smallwood,359.p.29387,0.0,Anquan Boldin,359.p.6390,6.1,Josh Lambo,359.p.28685,8.0,Denver,359.p.100007,17.5,,,The Twelve Apostles,Jones,4,
Cam Newton,359.p.24788,13.5,Jarvis Landry,359.p.27591,9.6,Eddie Royal,359.p.8819,20.6,Latavius Murray,359.p.26804,3.4,Giovani Bernard,359.p.26660,5.7,Jason Witten,359.p.6405,8.2,Steve Smith,359.p.5521,21.1,Corey Coleman,359.p.29249,0.0,Donte Moncrief,359.p.27618,0.0,Zach Ertz,359.p.26658,0.0,Ryan Fitzpatrick,359.p.7426,6.2,Kansas City,359.p.100012,0.5,Dan Bailey,359.p.25427,3.5,Baltimore,359.p.100033,2.0,,,SuperCam That Ho,Lauren,4,
Eli Manning,359.p.6760,6.7,A.J. Green,359.p.24791,28.3,Jeremy Maclin,359.p.9283,10.3,Devonta Freeman,359.p.27631,13.4,Matt Asiata,359.p.25238,8.8,Jimmy Graham,359.p.24070,14.3,Cole Beasley,359.p.26060,8.8,Jordan Matthews,359.p.27570,0.0,Martellus Bennett,359.p.8838,13.4,Bilal Powell,359.p.24913,11.0,Jonathan Stewart,359.p.8790,0.0,Carson Wentz,359.p.29236,0.0,Adam Vinatieri,359.p.3727,8.5,Seattle,359.p.100026,14.0,,,Starr is Born,Nick,4,
Derek Carr,359.p.27564,22.43,Amari Cooper,359.p.28392,7.3,Stefon Diggs,359.p.28534,7.1,Melvin Gordon III,359.p.28403,20.9,Todd Gurley,359.p.28398,10.7,Dennis Pitta,359.p.24089,3.2,Spencer Ware,359.p.26817,8.1,Willie Snead IV,359.p.28026,2.8,Eddie Lacy,359.p.26684,0.0,Michael Floyd,359.p.25723,11.1,,,,,,,Cairo Santos,359.p.28227,1.0,Los Angeles,359.p.100014,19.0,,,The fishingtons,Buddy,4,
Andrew Luck,359.p.25711,16.1,Demaryius Thomas,359.p.23997,18.4,Will Fuller V,359.p.29255,23.6,Le'Veon Bell,359.p.26671,20.3,Dwayne Washington,359.p.29470,1.9,Hunter Henry,359.p.29269,14.1,Terrelle Pryor Sr.,359.p.25681,12.5,Dez Bryant,359.p.23999,0.0,Chris Ivory,359.p.24400,2.9,Arian Foster,359.p.9527,0.0,Derrick Henry,359.p.29279,0.9,Trevor Siemian,359.p.28638,6.27,Stephen Hauschka,359.p.9066,8.5,Pittsburgh,359.p.100023,13.5,,,The Scientist,Kyle,4,
Philip Rivers,359.p.6763,14.7,Julio Jones,359.p.24793,42.0,Kelvin Benjamin,359.p.27556,11.4,Frank Gore,359.p.7241,18.0,Charles Sims,359.p.27597,2.5,Jordan Reed,359.p.26708,23.8,Brandin Cooks,359.p.27548,4.6,Isaiah Crowell,359.p.28014,21.7,Ryan Mathews,359.p.23987,0.0,Eric Ebron,359.p.27538,6.2,Mohamed Sanu,359.p.25793,3.2,Jerick McKinnon,359.p.27624,17.0,Nick Folk,359.p.8432,4.0,Las Vegas,359.p.100013,5.0,,,Thug Bungalow,Michael,4,
Andy Dalton,359.p.24822,10.67,Allen Robinson II,359.p.27589,14.0,Larry Fitzgerald,359.p.6762,8.8,Lamar Miller,359.p.25807,12.3,Carlos Hyde,359.p.27585,14.4,Jacob Tamme,359.p.8916,7.3,Michael Thomas,359.p.29281,12.4,Eric Decker,359.p.24062,0.0,Tyler Eifert,359.p.26644,0.0,Josh Gordon,359.p.26561,0.0,Ted Ginn Jr.,359.p.8263,2.4,Paul Perkins,359.p.29383,9.0,Blair Walsh,359.p.25885,4.5,Houston,359.p.100034,6.0,,,Thunder Crotches,Jake,4,
Drew Brees,359.p.5479,10.5,DeSean Jackson,359.p.8826,1.0,Tavon Austin,359.p.26631,1.8,DeMarco Murray,359.p.24858,23.9,Tevin Coleman,359.p.28461,4.8,Rob Gronkowski,359.p.24017,1.6,Jordan Howard,359.p.29384,14.7,Torrey Smith,359.p.24845,0.8,Jamaal Charles,359.p.8850,0.7,Orleans Darkwa,359.p.28169,10.8,Quincy Enunwa,359.p.27737,9.0,Thomas Rawls,359.p.28714,0.0,Stephen Gostkowski,359.p.7867,0.0,Arizona,359.p.100022,9.0,,,Victor Cruisin,Frags,4,
Blake Bortles,359.p.27531,24.5,Odell Beckham Jr.,359.p.27540,3.8,Tyrell Williams,359.p.28691,6.5,LeSean McCoy,359.p.9317,19.8,Cameron Artis-Payne,359.p.28562,1.2,Travis Kelce,359.p.26686,10.8,Damien Williams,359.p.28115,2.0,Adam Humphries,359.p.29070,0.9,Kenneth Dixon,359.p.29368,0.0,Jordy Nelson,359.p.8813,0.0,Jeremy Langford,359.p.28494,0.0,Dion Lewis,359.p.24936,0.0,Dustin Hopkins,359.p.26800,5.0,Washington,359.p.100028,12.5,,,who invited canada,Peter,4,
Kirk Cousins,359.p.25812,15.1,DeAndre Hopkins,359.p.26650,0.9,Marvin Jones Jr.,359.p.25876,9.9,LeGarrette Blount,359.p.24318,7.3,Bobby Rainey,359.p.26455,10.0,Greg Olsen,359.p.8285,17.6,Tajae Sharpe,359.p.29374,2.5,Rashad Jennings,359.p.9514,0.0,Doug Martin,359.p.25741,0.0,Sammy Watkins,359.p.27532,0.0,Tyrod Taylor,359.p.24967,15.0,Zach Miller,359.p.9444,10.6,Chris Boswell,359.p.28188,2.5,Minnesota,359.p.100016,8.5,,,We're Back,Nate,4,
Tom Brady,359.p.5228,26.93,Mike Evans,359.p.27535,17.9,Sterling Shepard,359.p.29274,2.4,Ezekiel Elliott,359.p.29238,30.6,Duke Johnson,359.p.28465,3.2,Delanie Walker,359.p.7924,14.1,Robert Woods,359.p.26664,3.6,DeVante Parker,359.p.28402,8.0,Mark Ingram II,359.p.24815,0.0,Christine Michael,359.p.26685,0.0,Kyle Rudolph,359.p.24830,2.5,Jalen Richard,359.p.30000,12.7,Brandon McManus,359.p.27120,9.5,Buffalo,359.p.100002,20.5,,,The Ice Cold Bruschi,Ricky,5,
Aaron Rodgers,359.p.7200,14.13,T.Y. Hilton,359.p.25802,28.1,Brandon Marshall,359.p.7868,21.4,Matt Forte,359.p.8821,7.0,Theo Riddick,359.p.26822,23.2,Gary Barnidge,359.p.8907,10.1,Darren Sproles,359.p.7306,8.8,Dak Prescott,359.p.29369,14.97,Kevin White,359.p.28395,0.0,Tyler Lockett,359.p.28457,0.0,DeAngelo Williams,359.p.7776,0.0,,,,Justin Tucker,359.p.26534,3.5,Carolina,359.p.100029,5.5,,,Immortal Duffmen,Pat,5,
Matt Ryan,359.p.8780,13.2,Antonio Brown,359.p.24171,18.3,Emmanuel Sanders,359.p.24057,10.5,C.J. Anderson,359.p.26878,7.7,Jeremy Hill,359.p.27583,1.2,Virgil Green,359.p.24991,0.0,Michael Crabtree,359.p.9274,12.2,James White,359.p.27658,10.9,Russell Wilson,359.p.25785,0.0,Travis Benjamin,359.p.25810,14.2,Julius Thomas,359.p.24916,0.0,Phillip Dorsett,359.p.28417,3.6,Graham Gano,359.p.9526,1.0,New England,359.p.100017,13.0,,,Jadeveon's Hit Men,Tim,5,
Carson Palmer,359.p.6337,0.0,Julian Edelman,359.p.9496,6.0,Victor Cruz,359.p.24553,0.0,T.J. Yeldon,359.p.28424,0.0,,,,Jack Doyle,359.p.27299,1.8,Markus Wheaton,359.p.26702,2.9,Shane Vereen,359.p.24843,0.0,Doug Baldwin,359.p.25105,0.0,Allen Hurns,359.p.27874,0.0,Antonio Gates,359.p.6663,9.0,Adrian Peterson,359.p.8261,0.0,Connor Barth,359.p.9219,9.0,New York,359.p.100020,2.0,Matthew Stafford,17.6,John Brown's Army,Eric,5,359.p.9265
Ben Roethlisberger,359.p.6770,26.67,Mike Wallace,359.p.9348,9.8,Randall Cobb,359.p.24851,15.3,David Johnson,359.p.28474,31.0,Matt Jones,359.p.28483,4.6,Dwayne Allen,359.p.25774,13.0,Alshon Jeffery,359.p.25755,10.2,Ryan Tannehill,359.p.25718,2.37,Jamison Crowder,359.p.28493,11.0,Coby Fleener,359.p.25744,0.0,Wendell Smallwood,359.p.29387,0.0,Anquan Boldin,359.p.6390,6.8,Josh Lambo,359.p.28685,5.0,Denver,359.p.100007,5.0,,,The Twelve Apostles,Jones,5,
Joe Flacco,359.p.8795,11.6,Jarvis Landry,359.p.27591,4.5,Steve Smith,359.p.5521,4.4,Giovani Bernard,359.p.26660,12.6,Cameron Artis-Payne,359.p.28562,20.5,Jason Witten,359.p.6405,5.8,Zach Ertz,359.p.26658,5.2,Latavius Murray,359.p.26804,0.0,Cam Newton,359.p.24788,0.0,Eddie Royal,359.p.8819,6.8,Corey Coleman,359.p.29249,0.0,Kansas City,359.p.100012,0.0,Dan Bailey,359.p.25427,2.0,Baltimore,359.p.100033,8.5,,,SuperCam That Ho,Lauren,5,
Eli Manning,359.p.6760,8.73,A.J. Green,359.p.24791,7.0,Jordan Matthews,359.p.27570,7.5,Devonta Freeman,359.p.27631,19.8,Bilal Powell,359.p.24913,8.1,Martellus Bennett,359.p.8838,27.7,Cole Beasley,359.p.26060,13.3,Jeremy Maclin,359.p.9283,0.0,Jimmy Graham,359.p.24070,0.0,Jonathan Stewart,359.p.8790,0.0,Carson Wentz,359.p.29236,15.33,Seattle,359.p.100026,0.0,Adam Vinatieri,359.p.3727,17.0,Miami,359.p.100015,0.0,,,Starr is Born,Nick,5,
Derek Carr,359.p.27564,18.87,Amari Cooper,359.p.28392,23.8,Sammie Coates,359.p.28475,28.9,Melvin Gordon III,359.p.28403,13.2,Todd Gurley,359.p.28398,15.3,Dennis Pitta,359.p.24089,9.4,Eddie Lacy,359.p.26684,8.9,Stefon Diggs,359.p.28534,0.0,Spencer Ware,359.p.26817,0.0,Willie Snead IV,359.p.28026,0.0,Michael Floyd,359.p.25723,0.0,DeAndre Washington,359.p.29377,7.7,Matt Prater,359.p.8565,3.5,Los Angeles,359.p.100014,5.0,,,The fishingtons,Buddy,5,
Andrew Luck,359.p.25711,19.03,Demaryius Thomas,359.p.23997,13.4,Terrelle Pryor Sr.,359.p.25681,6.77,Le'Veon Bell,359.p.26671,19.9,Jay Ajayi,359.p.28537,10.2,Richard Rodgers,359.p.27626,1.1,Will Fuller V,359.p.29255,0.9,Hunter Henry,359.p.29269,14.9,Derrick Henry,359.p.29279,5.4,Arian Foster,359.p.9527,0.0,Dez Bryant,359.p.23999,0.0,Chris Ivory,359.p.24400,0.0,Mike Nugent,359.p.7223,1.0,Pittsburgh,359.p.100023,9.5,,,The Scientist,Kyle,5,
Philip Rivers,359.p.6763,22.97,Julio Jones,359.p.24793,3.9,Kelvin Benjamin,359.p.27556,9.5,Frank Gore,359.p.7241,8.4,Ryan Mathews,359.p.23987,14.0,Jordan Reed,359.p.26708,9.3,Jerick McKinnon,359.p.27624,5.1,Charles Sims,359.p.27597,0.0,Brandin Cooks,359.p.27548,0.0,Isaiah Crowell,359.p.28014,4.5,Eric Ebron,359.p.27538,0.0,Mohamed Sanu,359.p.25793,3.8,Mason Crosby,359.p.8447,9.0,Green Bay,359.p.100009,10.5,,,Thug Bungalow,Michael,5,
Andy Dalton,359.p.24822,20.37,Larry Fitzgerald,359.p.6762,23.1,John Brown,359.p.27619,0.6,Lamar Miller,359.p.25807,2.9,Carlos Hyde,359.p.27585,20.4,Jacob Tamme,359.p.8916,0.6,Terrance West,359.p.27622,9.9,Ted Ginn Jr.,359.p.8263,-1.0,Allen Robinson II,359.p.27589,0.0,Michael Thomas,359.p.29281,0.0,Eric Decker,359.p.24062,0.0,Tyler Eifert,359.p.26644,0.0,Blair Walsh,359.p.25885,4.0,Houston,359.p.100034,4.5,,,Thunder Crotches,Jake,5,
Jameis Winston,359.p.28389,11.9,Quincy Enunwa,359.p.27737,7.1,Dontrelle Inman,359.p.25120,0.8,DeMarco Murray,359.p.24858,16.2,Jordan Howard,359.p.29384,23.8,Rob Gronkowski,359.p.24017,13.4,Jacquizz Rodgers,359.p.24932,15.4,Drew Brees,359.p.5479,0.0,DeSean Jackson,359.p.8826,5.0,Jamaal Charles,359.p.8850,0.0,Tavon Austin,359.p.26631,12.0,Tevin Coleman,359.p.28461,24.3,Stephen Gostkowski,359.p.7867,5.0,Arizona,359.p.100022,17.5,,,Victor Cruisin,Frags,5,
Derek Anderson,359.p.7389,3.67,Tyrell Williams,359.p.28691,20.2,Jordy Nelson,359.p.8813,11.8,LeSean McCoy,359.p.9317,16.8,Fozzy Whittaker,359.p.26596,5.9,Cameron Brate,359.p.28267,4.3,Odell Beckham Jr.,359.p.27540,14.1,Blake Bortles,359.p.27531,0.0,Kenneth Dixon,359.p.29368,1.0,Travis Kelce,359.p.26686,0.0,Dion Lewis,359.p.24936,0.0,Chris Hogan,359.p.25178,13.6,Dustin Hopkins,359.p.26800,2.5,Philadelphia,359.p.100021,11.5,,,who invited canada,Peter,5,
Kirk Cousins,359.p.25812,9.57,DeAndre Hopkins,359.p.26650,14.1,Marvin Jones Jr.,359.p.25876,11.7,LeGarrette Blount,359.p.24318,9.7,Bobby Rainey,359.p.26455,10.4,Greg Olsen,359.p.8285,22.6,Tajae Sharpe,359.p.29374,2.7,Rashad Jennings,359.p.9514,0.0,Doug Martin,359.p.25741,0.0,Sammy Watkins,359.p.27532,0.0,Tyrod Taylor,359.p.24967,14.93,Zach Miller,359.p.9444,10.8,Chris Boswell,359.p.28188,5.0,Minnesota,359.p.100016,12.0,,,We're Back,Nate,5,
Tom Brady,359.p.5228,24.73,DeVante Parker,359.p.28402,5.3,Cameron Meredith,359.p.28697,16.8,Ezekiel Elliott,359.p.29238,18.4,Mark Ingram II,359.p.24815,7.0,Delanie Walker,359.p.7924,2.6,Christine Michael,359.p.26685,20.8,Sterling Shepard,359.p.29274,4.5,Robert Woods,359.p.26664,13.5,Duke Johnson,359.p.28465,15.4,Mike Evans,359.p.27535,0.0,Jalen Richard,359.p.30000,2.2,Stephen Hauschka,359.p.9066,7.0,Buffalo,359.p.100002,10.0,,,The Ice Cold Bruschi,Ricky,6,
Aaron Rodgers,359.p.7200,9.5,T.Y. Hilton,359.p.25802,6.4,Brandon Marshall,359.p.7868,8.5,Darren Sproles,359.p.7306,2.9,Matt Forte,359.p.8821,2.7,Gary Barnidge,359.p.8907,7.4,Tyler Lockett,359.p.28457,4.0,DeAngelo Williams,359.p.7776,1.0,Theo Riddick,359.p.26822,0.0,Dak Prescott,359.p.29369,15.83,Kevin White,359.p.28395,0.0,,,,Justin Tucker,359.p.26534,9.0,Carolina,359.p.100029,0.5,,,Immortal Duffmen,Pat,6,
Russell Wilson,359.p.25785,8.7,Antonio Brown,359.p.24171,6.5,Emmanuel Sanders,359.p.24057,6.0,C.J. Anderson,359.p.26878,9.1,James White,359.p.27658,22.6,Julius Thomas,359.p.24916,3.8,Michael Crabtree,359.p.9274,2.0,Virgil Green,359.p.24991,3.6,Jeremy Hill,359.p.27583,4.6,Matt Ryan,359.p.8780,19.37,Travis Benjamin,359.p.25810,1.2,Phillip Dorsett,359.p.28417,2.2,Graham Gano,359.p.9526,4.5,New England,359.p.100017,7.5,,,Jadeveon's Hit Men,Tim,6,
Carson Palmer,359.p.6337,9.0,Julian Edelman,359.p.9496,5.8,Victor Cruz,359.p.24553,4.6,T.J. Yeldon,359.p.28424,3.1,,,,Jack Doyle,359.p.27299,13.3,Markus Wheaton,359.p.26702,0.0,Shane Vereen,359.p.24843,0.0,Doug Baldwin,359.p.25105,5.1,Allen Hurns,359.p.27874,9.9,Antonio Gates,359.p.6663,2.6,Adrian Peterson,359.p.8261,0.0,Connor Barth,359.p.9219,8.5,New York,359.p.100020,1.0,Matthew Stafford,26.4,John Brown's Army,Eric,6,359.p.9265
Ben Roethlisberger,359.p.6770,7.3,Mike Wallace,359.p.9348,11.7,Randall Cobb,359.p.24851,14.8,David Johnson,359.p.28474,33.3,Matt Jones,359.p.28483,19.5,Coby Fleener,359.p.25744,22.6,Alshon Jeffery,359.p.25755,12.8,Dwayne Allen,359.p.25774,1.4,Jamison Crowder,359.p.28493,11.8,Wendell Smallwood,359.p.29387,8.5,Anquan Boldin,359.p.6390,16.0,Alex Smith,359.p.7177,7.37,Josh Lambo,359.p.28685,11.5,Denver,359.p.100007,11.0,,,The Twelve Apostles,Jones,6,
Cam Newton,359.p.24788,23.83,Jarvis Landry,359.p.27591,12.6,Eddie Royal,359.p.8819,7.4,Giovani Bernard,359.p.26660,11.4,Chris Thompson,359.p.26777,8.1,Jason Witten,359.p.6405,6.2,Zach Ertz,359.p.26658,2.7,Latavius Murray,359.p.26804,0.0,Cameron Artis-Payne,359.p.28562,0.0,Joe Flacco,359.p.8795,10.23,Corey Coleman,359.p.29249,0.0,Kansas City,359.p.100012,12.5,Dan Bailey,359.p.25427,9.5,Baltimore,359.p.100033,8.5,,,SuperCam That Ho,Lauren,6,
Carson Wentz,359.p.29236,6.17,A.J. Green,359.p.24791,11.8,Jeremy Maclin,359.p.9283,6.4,Devonta Freeman,359.p.27631,6.5,Jonathan Stewart,359.p.8790,20.5,Jimmy Graham,359.p.24070,11.9,Jordan Matthews,359.p.27570,9.0,Martellus Bennett,359.p.8838,7.3,Cole Beasley,359.p.26060,20.8,Bilal Powell,359.p.24913,3.7,Eli Manning,359.p.6760,21.43,Davante Adams,359.p.27581,4.4,Adam Vinatieri,359.p.3727,10.0,Seattle,359.p.100026,10.0,,,Starr is Born,Nick,6,
Derek Carr,359.p.27564,7.3,Amari Cooper,359.p.28392,17.9,Willie Snead IV,359.p.28026,6.7,Melvin Gordon III,359.p.28403,9.4,Todd Gurley,359.p.28398,11.7,Dennis Pitta,359.p.24089,6.6,Eddie Lacy,359.p.26684,7.6,Sammie Coates,359.p.28475,0.0,Stefon Diggs,359.p.28534,0.0,Spencer Ware,359.p.26817,23.3,Michael Floyd,359.p.25723,9.2,DeAndre Washington,359.p.29377,4.9,Matt Prater,359.p.8565,5.0,Los Angeles,359.p.100014,3.0,,,The fishingtons,Buddy,6,
Andrew Luck,359.p.25711,21.7,Demaryius Thomas,359.p.23997,4.0,Terrelle Pryor Sr.,359.p.25681,24.33,Le'Veon Bell,359.p.26671,14.8,Arian Foster,359.p.9527,2.5,Jesse James,359.p.28548,2.3,Will Fuller V,359.p.29255,0.0,Jaelen Strong,359.p.28458,4.1,Hunter Henry,359.p.29269,17.3,Derrick Henry,359.p.29279,3.7,Dez Bryant,359.p.23999,0.0,Chris Ivory,359.p.24400,9.5,Matt Bryant,359.p.6243,4.5,Pittsburgh,359.p.100023,0.5,,,The Scientist,Kyle,6,
Philip Rivers,359.p.6763,9.93,Julio Jones,359.p.24793,23.4,Kelvin Benjamin,359.p.27556,12.6,Ryan Mathews,359.p.23987,6.0,Frank Gore,359.p.7241,11.3,Charles Clay,359.p.24961,7.7,Brandin Cooks,359.p.27548,27.0,Isaiah Crowell,359.p.28014,4.6,Jordan Reed,359.p.26708,0.0,Jerick McKinnon,359.p.27624,0.0,Eric Ebron,359.p.27538,0.0,Mohamed Sanu,359.p.25793,13.2,Mason Crosby,359.p.8447,9.5,New York,359.p.100019,5.5,,,Thug Bungalow,Michael,6,
Andy Dalton,359.p.24822,20.17,Larry Fitzgerald,359.p.6762,6.9,Allen Robinson II,359.p.27589,6.4,Lamar Miller,359.p.25807,31.3,Carlos Hyde,359.p.27585,5.2,Jacob Tamme,359.p.8916,2.6,Michael Thomas,359.p.29281,16.3,John Brown,359.p.27619,7.9,Terrance West,359.p.27622,26.3,Eric Decker,359.p.24062,0.0,Tyler Eifert,359.p.26644,0.0,Jeremy Kerley,359.p.24940,2.2,Nick Novak,359.p.7505,6.0,Houston,359.p.100034,7.5,,,Thunder Crotches,Jake,6,
Drew Brees,359.p.5479,29.5,DeSean Jackson,359.p.8826,7.5,Kamar Aiken,359.p.25379,8.4,DeMarco Murray,359.p.24858,12.5,Jordan Howard,359.p.29384,11.0,Rob Gronkowski,359.p.24017,25.7,Jamaal Charles,359.p.8850,11.7,Golden Tate,359.p.24035,26.8,Tavon Austin,359.p.26631,4.1,Quincy Enunwa,359.p.27737,5.7,Jacquizz Rodgers,359.p.24932,0.0,Tevin Coleman,359.p.28461,2.2,Stephen Gostkowski,359.p.7867,7.5,Arizona,359.p.100022,13.5,,,Victor Cruisin,Frags,6,
Blake Bortles,359.p.27531,9.13,Tyrell Williams,359.p.28691,4.3,Odell Beckham Jr.,359.p.27540,36.2,LeSean McCoy,359.p.9317,31.7,Devontae Booker,359.p.29370,6.3,Travis Kelce,359.p.26686,4.7,Jordy Nelson,359.p.8813,7.3,Kenneth Dixon,359.p.29368,1.7,Dion Lewis,359.p.24936,0.0,Chris Hogan,359.p.25178,4.4,Justin Forsett,359.p.9010,0.5,Donte Moncrief,359.p.27618,0.0,Caleb Sturgis,359.p.26789,6.0,Philadelphia,359.p.100021,10.0,,,who invited canada,Peter,6,
Tyrod Taylor,359.p.24967,18.77,DeAndre Hopkins,359.p.26650,11.6,Marvin Jones Jr.,359.p.25876,8.3,Rashad Jennings,359.p.9514,5.5,LeGarrette Blount,359.p.24318,14.0,Greg Olsen,359.p.8285,12.4,Tajae Sharpe,359.p.29374,0.1,Bobby Rainey,359.p.26455,3.9,Kirk Cousins,359.p.25812,15.57,Doug Martin,359.p.25741,0.0,Zach Miller,359.p.9444,6.6,Minnesota,359.p.100016,0.0,Chris Boswell,359.p.28188,0.5,Tennessee,359.p.100010,9.0,,,We're Back,Nate,6,
Tom Brady,359.p.5228,16.7,Cameron Meredith,359.p.28697,1.7,Mike Evans,359.p.27535,25.6,Mark Ingram II,359.p.24815,14.2,Christine Michael,359.p.26685,7.0,Delanie Walker,359.p.7924,17.9,Duke Johnson,359.p.28465,5.3,Ezekiel Elliott,359.p.29238,0.0,Sterling Shepard,359.p.29274,5.7,Steve Smith,359.p.5521,0.0,Kyle Rudolph,359.p.24830,8.0,Don Jackson,359.p.29731,0.6,Dustin Hopkins,359.p.26800,4.0,Buffalo,359.p.100002,2.0,,,The Ice Cold Bruschi,Ricky,7,
Aaron Rodgers,359.p.7200,21.57,T.Y. Hilton,359.p.25802,22.8,Brandon Marshall,359.p.7868,5.4,Matt Forte,359.p.8821,27.4,Darren Sproles,359.p.7306,5.9,Gary Barnidge,359.p.8907,9.6,Tyler Lockett,359.p.28457,2.3,Theo Riddick,359.p.26822,0.0,DeAngelo Williams,359.p.7776,0.0,Dak Prescott,359.p.29369,0.0,Carolina,359.p.100029,0.0,,,,Justin Tucker,359.p.26534,10.5,Las Vegas,359.p.100013,10.0,,,Immortal Duffmen,Pat,7,
Russell Wilson,359.p.25785,5.7,Antonio Brown,359.p.24171,15.4,Emmanuel Sanders,359.p.24057,10.6,C.J. Anderson,359.p.26878,16.7,James White,359.p.27658,10.2,Julius Thomas,359.p.24916,9.5,Michael Crabtree,359.p.9274,19.6,Virgil Green,359.p.24991,0.0,Jeremy Hill,359.p.27583,26.2,Matt Ryan,359.p.8780,11.9,Travis Benjamin,359.p.25810,7.4,Phillip Dorsett,359.p.28417,0.0,Graham Gano,359.p.9526,0.0,New England,359.p.100017,4.5,,,Jadeveon's Hit Men,Tim,7,
Carson Palmer,359.p.6337,11.2,Julian Edelman,359.p.9496,8.5,Victor Cruz,359.p.24553,8.0,T.J. Yeldon,359.p.28424,3.3,,,,Jack Doyle,359.p.27299,18.3,Markus Wheaton,359.p.26702,0.0,Shane Vereen,359.p.24843,0.0,Doug Baldwin,359.p.25105,9.9,Allen Hurns,359.p.27874,6.5,Antonio Gates,359.p.6663,6.3,Adrian Peterson,359.p.8261,0.0,Connor Barth,359.p.9219,3.5,New York,359.p.100020,14.5,Matthew Stafford,15.07,John Brown's Army,Eric,7,359.p.9265
Marcus Mariota,359.p.28390,14.13,Mike Wallace,359.p.9348,17.0,Randall Cobb,359.p.24851,23.1,David Johnson,359.p.28474,21.1,Matt Jones,359.p.28483,0.7,Coby Fleener,359.p.25744,4.4,Alshon Jeffery,359.p.25755,4.8,Ben Roethlisberger,359.p.6770,0.0,Dwayne Allen,359.p.25774,0.0,Jamison Crowder,359.p.28493,14.3,Wendell Smallwood,359.p.29387,1.3,Anquan Boldin,359.p.6390,10.3,Josh Lambo,359.p.28685,13.5,Denver,359.p.100007,9.5,,,The Twelve Apostles,Jones,7,
Joe Flacco,359.p.8795,4.37,Jarvis Landry,359.p.27591,11.3,Brandon LaFell,359.p.24053,16.3,Giovani Bernard,359.p.26660,15.2,Mike Davis,359.p.28514,8.1,Zach Ertz,359.p.26658,1.9,Latavius Murray,359.p.26804,19.3,Eddie Royal,359.p.8819,0.0,Jason Witten,359.p.6405,0.0,Cam Newton,359.p.24788,0.0,Corey Coleman,359.p.29249,0.0,Dan Bailey,359.p.25427,0.0,Jason Myers,359.p.28378,8.5,Kansas City,359.p.100012,12.0,,,SuperCam That Ho,Lauren,7,
Eli Manning,359.p.6760,6.33,A.J. Green,359.p.24791,26.9,Jeremy Maclin,359.p.9283,6.0,Devonta Freeman,359.p.27631,12.5,Bilal Powell,359.p.24913,1.8,Jimmy Graham,359.p.24070,7.8,Jordan Matthews,359.p.27570,2.5,Jonathan Stewart,359.p.8790,0.0,Carson Wentz,359.p.29236,2.2,Martellus Bennett,359.p.8838,1.0,Cole Beasley,359.p.26060,0.0,Jalen Richard,359.p.30000,0.6,Adam Vinatieri,359.p.3727,7.0,Seattle,359.p.100026,13.5,,,Starr is Born,Nick,7,
Derek Carr,359.p.27564,11.07,Amari Cooper,359.p.28392,4.9,Willie Snead IV,359.p.28026,13.2,Melvin Gordon III,359.p.28403,33.1,Todd Gurley,359.p.28398,12.2,Dennis Pitta,359.p.24089,6.0,Spencer Ware,359.p.26817,20.1,Sammie Coates,359.p.28475,0.9,Stefon Diggs,359.p.28534,2.8,Michael Floyd,359.p.25723,9.0,DeAndre Washington,359.p.29377,2.7,Clive Walford,359.p.28456,1.0,Matt Prater,359.p.8565,6.0,Los Angeles,359.p.100014,7.5,,,The fishingtons,Buddy,7,
Andrew Luck,359.p.25711,25.47,Demaryius Thomas,359.p.23997,13.0,Will Fuller V,359.p.29255,4.2,Le'Veon Bell,359.p.26671,18.9,Jay Ajayi,359.p.28537,28.1,Hunter Henry,359.p.29269,2.1,Terrelle Pryor Sr.,359.p.25681,2.8,Kenny Britt,359.p.9294,5.8,Derrick Henry,359.p.29279,0.3,Dez Bryant,359.p.23999,0.0,Chris Ivory,359.p.24400,5.1,Zach Zenner,359.p.28887,8.9,Matt Bryant,359.p.6243,9.5,Baltimore,359.p.100033,18.5,,,The Scientist,Kyle,7,
Philip Rivers,359.p.6763,12.17,Julio Jones,359.p.24793,21.9,Brandin Cooks,359.p.27548,15.3,Frank Gore,359.p.7241,16.8,Isaiah Crowell,359.p.28014,15.4,Charles Clay,359.p.24961,3.9,Mohamed Sanu,359.p.25793,2.6,Ryan Mathews,359.p.23987,6.8,Jordan Reed,359.p.26708,0.0,Kelvin Benjamin,359.p.27556,0.0,Jerick McKinnon,359.p.27624,5.3,Eric Ebron,359.p.27538,0.0,Mason Crosby,359.p.8447,7.0,New York,359.p.100019,22.5,,,Thug Bungalow,Michael,7,
Andy Dalton,359.p.24822,18.27,Larry Fitzgerald,359.p.6762,11.5,Allen Robinson II,359.p.27589,1.9,Lamar Miller,359.p.25807,8.2,Terrance West,359.p.27622,1.0,Jacob Tamme,359.p.8916,8.2,Michael Thomas,359.p.29281,18.0,Carlos Hyde,359.p.27585,0.0,John Brown,359.p.27619,0.0,Tyler Eifert,359.p.26644,1.4,Jeremy Kerley,359.p.24940,2.5,Houston,359.p.100034,0.0,Nick Novak,359.p.7505,8.0,Green Bay,359.p.100009,13.5,,,Thunder Crotches,Jake,7,
Drew Brees,359.p.5479,22.23,DeSean Jackson,359.p.8826,6.0,Golden Tate,359.p.24035,12.3,DeMarco Murray,359.p.24858,20.2,Jordan Howard,359.p.29384,2.2,Rob Gronkowski,359.p.24017,17.3,Jacquizz Rodgers,359.p.24932,16.8,Tevin Coleman,359.p.28461,13.9,Jamaal Charles,359.p.8850,0.0,Kamar Aiken,359.p.25379,7.0,Tavon Austin,359.p.26631,15.7,Quincy Enunwa,359.p.27737,14.3,Stephen Gostkowski,359.p.7867,1.5,Arizona,359.p.100022,11.0,,,Victor Cruisin,Frags,7,
Blake Bortles,359.p.27531,11.5,Ty Montgomery II,359.p.28482,17.6,Jordy Nelson,359.p.8813,1.4,Devontae Booker,359.p.29370,14.2,Mike Gillislee,359.p.26787,2.0,Travis Kelce,359.p.26686,3.4,Odell Beckham Jr.,359.p.27540,7.4,LeSean McCoy,359.p.9317,1.1,Tyrell Williams,359.p.28691,17.5,Dion Lewis,359.p.24936,0.0,Donte Moncrief,359.p.27618,0.0,Knile Davis,359.p.26719,0.1,Brandon McManus,359.p.27120,6.5,Philadelphia,359.p.100021,21.0,,,who invited canada,Peter,7,
Kirk Cousins,359.p.25812,17.53,DeAndre Hopkins,359.p.26650,6.1,Marvin Jones Jr.,359.p.25876,11.4,LeGarrette Blount,359.p.24318,25.9,Rashad Jennings,359.p.9514,11.9,Zach Miller,359.p.9444,5.0,DeVante Parker,359.p.28402,3.5,Cameron Brate,359.p.28267,4.4,Doug Martin,359.p.25741,0.0,Tyrod Taylor,359.p.24967,21.87,Greg Olsen,359.p.8285,0.0,Bobby Rainey,359.p.26455,0.4,Chris Boswell,359.p.28188,9.5,Minnesota,359.p.100016,9.0,,,We're Back,Nate,7,
Tom Brady,359.p.5228,28.0,Mike Evans,359.p.27535,8.0,Robert Woods,359.p.26664,7.0,Christine Michael,359.p.26685,10.7,Ezekiel Elliott,359.p.29238,16.8,Delanie Walker,359.p.7924,9.8,Mark Ingram II,359.p.24815,-1.5,Cameron Meredith,359.p.28697,2.9,Sterling Shepard,359.p.29274,0.0,Steve Smith,359.p.5521,0.0,Kyle Rudolph,359.p.24830,5.6,Rob Kelley,359.p.29694,14.7,Dustin Hopkins,359.p.26800,6.5,Cincinnati,359.p.100004,5.0,,,The Ice Cold Bruschi,Ricky,8,
Aaron Rodgers,359.p.7200,31.2,T.Y. Hilton,359.p.25802,2.5,Brandon Marshall,359.p.7868,8.8,Matt Forte,359.p.8821,22.8,Darren Sproles,359.p.7306,11.8,Gary Barnidge,359.p.8907,5.7,Tyler Lockett,359.p.28457,5.2,Theo Riddick,359.p.26822,23.3,DeAngelo Williams,359.p.7776,0.0,Dak Prescott,359.p.29369,24.37,Justin Tucker,359.p.26534,0.0,Las Vegas,359.p.100013,5.5,Cairo Santos,359.p.28227,9.5,Carolina,359.p.100029,24.0,,,Immortal Duffmen,Pat,8,
Matt Ryan,359.p.8780,22.5,Emmanuel Sanders,359.p.24057,8.8,Travis Benjamin,359.p.25810,11.9,James White,359.p.27658,3.9,Jeremy Hill,359.p.27583,13.8,Julius Thomas,359.p.24916,10.3,Michael Crabtree,359.p.9274,14.8,Russell Wilson,359.p.25785,7.53,C.J. Anderson,359.p.26878,0.0,Antonio Brown,359.p.24171,0.0,Virgil Green,359.p.24991,7.5,Phillip Dorsett,359.p.28417,4.8,Graham Gano,359.p.9526,10.5,New England,359.p.100017,3.5,,,Jadeveon's Hit Men,Tim,8,
Carson Palmer,359.p.6337,19.1,Julian Edelman,359.p.9496,11.7,Victor Cruz,359.p.24553,0.0,T.J. Yeldon,359.p.28424,7.6,,,,Jack Doyle,359.p.27299,4.6,Markus Wheaton,359.p.26702,0.0,Shane Vereen,359.p.24843,0.0,Doug Baldwin,359.p.25105,7.1,Allen Hurns,359.p.27874,19.3,Antonio Gates,359.p.6663,11.3,Adrian Peterson,359.p.8261,0.0,Connor Barth,359.p.9219,6.0,New York,359.p.100020,5.5,Matthew Stafford,12.0,John Brown's Army,Eric,8,359.p.9265
Marcus Mariota,359.p.28390,17.1,Jamison Crowder,359.p.28493,21.2,Anquan Boldin,359.p.6390,0.9,David Johnson,359.p.28474,14.3,Wendell Smallwood,359.p.29387,-2.5,Coby Fleener,359.p.25744,5.6,Alshon Jeffery,359.p.25755,14.3,Randall Cobb,359.p.24851,0.0,Matt Jones,359.p.28483,0.0,Mike Wallace,359.p.9348,0.0,Ben Roethlisberger,359.p.6770,0.0,Dwayne Allen,359.p.25774,0.0,Josh Lambo,359.p.28685,0.5,Denver,359.p.100007,22.5,,,The Twelve Apostles,Jones,8,
Cam Newton,359.p.24788,11.37,Brandon LaFell,359.p.24053,1.1,Rishard Matthews,359.p.25937,11.8,Giovani Bernard,359.p.26660,13.1,Latavius Murray,359.p.26804,9.6,Jason Witten,359.p.6405,8.6,Pierre Garcon,359.p.8982,9.7,Marquise Goodwin,359.p.26701,0.0,Jarvis Landry,359.p.27591,0.0,Mike Davis,359.p.28514,0.0,Eddie Royal,359.p.8819,0.0,Corey Coleman,359.p.29249,0.0,Dan Bailey,359.p.25427,9.0,Kansas City,359.p.100012,15.5,,,SuperCam That Ho,Lauren,8,
Alex Smith,359.p.7177,9.13,A.J. Green,359.p.24791,16.6,Jeremy Maclin,359.p.9283,11.8,Devonta Freeman,359.p.27631,19.8,Jonathan Stewart,359.p.8790,22.5,Jimmy Graham,359.p.24070,4.9,Matt Asiata,359.p.25238,8.8,Cole Beasley,359.p.26060,7.3,Jordan Matthews,359.p.27570,18.0,Eli Manning,359.p.6760,0.0,Martellus Bennett,359.p.8838,5.5,Davante Adams,359.p.27581,12.4,Adam Vinatieri,359.p.3727,1.0,Seattle,359.p.100026,12.0,,,Starr is Born,Nick,8,
Derek Carr,359.p.27564,32.4,Amari Cooper,359.p.28392,29.3,Willie Snead IV,359.p.28026,8.6,Melvin Gordon III,359.p.28403,17.5,Spencer Ware,359.p.26817,5.7,Eric Ebron,359.p.27538,11.4,Stefon Diggs,359.p.28534,17.6,Dennis Pitta,359.p.24089,0.0,Todd Gurley,359.p.28398,0.0,Michael Floyd,359.p.25723,0.0,DeAndre Washington,359.p.29377,3.2,Los Angeles,359.p.100014,0.0,Matt Prater,359.p.8565,6.5,Washington,359.p.100028,9.0,,,The fishingtons,Buddy,8,
Andrew Luck,359.p.25711,17.0,Demaryius Thomas,359.p.23997,10.4,Dez Bryant,359.p.23999,19.3,Derrick Henry,359.p.29279,17.7,Chris Thompson,359.p.26777,6.6,Hunter Henry,359.p.29269,2.4,Terrelle Pryor Sr.,359.p.25681,14.1,Will Fuller V,359.p.29255,2.8,Le'Veon Bell,359.p.26671,0.0,Jay Ajayi,359.p.28537,0.0,Kenny Britt,359.p.9294,0.0,Zach Ertz,359.p.26658,3.9,Matt Bryant,359.p.6243,7.5,Los Angeles,359.p.100024,15.5,,,The Scientist,Kyle,8,
Jameis Winston,359.p.28389,16.6,Julio Jones,359.p.24793,4.4,Brandin Cooks,359.p.27548,12.4,Frank Gore,359.p.7241,13.2,Isaiah Crowell,359.p.28014,13.3,Jordan Reed,359.p.26708,20.4,Kelvin Benjamin,359.p.27556,8.3,Philip Rivers,359.p.6763,10.9,Mohamed Sanu,359.p.25793,18.9,Charles Clay,359.p.24961,1.6,Ryan Mathews,359.p.23987,7.6,Jerick McKinnon,359.p.27624,0.0,Mason Crosby,359.p.8447,3.5,Tennessee,359.p.100010,6.0,,,Thug Bungalow,Michael,8,
Andy Dalton,359.p.24822,17.57,Larry Fitzgerald,359.p.6762,12.4,Allen Robinson II,359.p.27589,10.0,Lamar Miller,359.p.25807,13.3,Bilal Powell,359.p.24913,14.4,Tyler Eifert,359.p.26644,20.7,Michael Thomas,359.p.29281,9.3,Terrance West,359.p.27622,0.0,Jacob Tamme,359.p.8916,2.9,Carlos Hyde,359.p.27585,0.0,John Brown,359.p.27619,12.9,Alfred Blue,359.p.27709,4.1,Nick Novak,359.p.7505,7.0,Green Bay,359.p.100009,2.5,,,Thunder Crotches,Jake,8,
Drew Brees,359.p.5479,18.93,Golden Tate,359.p.24035,7.7,Quincy Enunwa,359.p.27737,17.3,DeMarco Murray,359.p.24858,19.3,Jacquizz Rodgers,359.p.24932,14.3,Rob Gronkowski,359.p.24017,19.4,Ka'Deem Carey,359.p.27645,0.3,Jordan Howard,359.p.29384,28.2,DeSean Jackson,359.p.8826,6.3,Tevin Coleman,359.p.28461,0.0,Jamaal Charles,359.p.8850,0.0,Tavon Austin,359.p.26631,0.0,Stephen Gostkowski,359.p.7867,9.5,Arizona,359.p.100022,5.0,,,Victor Cruisin,Frags,8,
Blake Bortles,359.p.27531,26.43,Jordy Nelson,359.p.8813,17.4,Tyrell Williams,359.p.28691,0.9,Devontae Booker,359.p.29370,14.9,Mike Gillislee,359.p.26787,16.9,Travis Kelce,359.p.26686,19.6,Donte Moncrief,359.p.27618,12.0,Ty Montgomery II,359.p.28482,0.0,LeSean McCoy,359.p.9317,0.0,Odell Beckham Jr.,359.p.27540,0.0,Dion Lewis,359.p.24936,0.0,Jeremy Langford,359.p.28494,1.6,Brandon McManus,359.p.27120,5.5,Philadelphia,359.p.100021,6.0,,,who invited canada,Peter,8,
Kirk Cousins,359.p.25812,21.17,DeAndre Hopkins,359.p.26650,6.4,Marvin Jones Jr.,359.p.25876,4.8,LeGarrette Blount,359.p.24318,10.3,Doug Martin,359.p.25741,0.0,Greg Olsen,359.p.8285,1.6,Cameron Brate,359.p.28267,8.7,DeVante Parker,359.p.28402,0.0,Zach Miller,359.p.9444,12.3,Rashad Jennings,359.p.9514,0.0,Tyrod Taylor,359.p.24967,16.9,Bobby Rainey,359.p.26455,0.0,Chris Boswell,359.p.28188,0.0,Minnesota,359.p.100016,4.5,,,We're Back,Nate,8,
Colin Kaepernick,359.p.24823,19.57,Mike Evans,359.p.27535,32.5,Sammie Coates,359.p.28475,0.0,Ezekiel Elliott,359.p.29238,21.2,Mark Ingram II,359.p.24815,30.1,Delanie Walker,359.p.7924,12.7,Christine Michael,359.p.26685,6.1,Sterling Shepard,359.p.29274,12.5,Steve Smith,359.p.5521,7.7,Tom Brady,359.p.5228,0.0,James Starks,359.p.24169,0.0,Paul Perkins,359.p.29383,6.2,Stephen Hauschka,359.p.9066,5.0,Dallas,359.p.100006,11.0,,,The Ice Cold Bruschi,Ricky,9,
Aaron Rodgers,359.p.7200,24.2,T.Y. Hilton,359.p.25802,11.2,Brandon Marshall,359.p.7868,7.1,Matt Forte,359.p.8821,16.2,Theo Riddick,359.p.26822,8.1,Gary Barnidge,359.p.8907,3.8,Darren Sproles,359.p.7306,8.6,Tyler Lockett,359.p.28457,3.5,DeAngelo Williams,359.p.7776,0.1,Dak Prescott,359.p.29369,22.23,Cairo Santos,359.p.28227,11.5,Las Vegas,359.p.100013,9.0,Justin Tucker,359.p.26534,6.5,Carolina,359.p.100029,12.0,,,Immortal Duffmen,Pat,9,
Matt Ryan,359.p.8780,24.47,Emmanuel Sanders,359.p.24057,7.2,Antonio Brown,359.p.24171,18.0,Terron Ward,359.p.28832,3.0,Don Jackson,359.p.29731,1.6,Julius Thomas,359.p.24916,3.1,Michael Crabtree,359.p.9274,3.7,Jeremy Hill,359.p.27583,0.0,Travis Benjamin,359.p.25810,1.0,James White,359.p.27658,0.0,Russell Wilson,359.p.25785,24.4,New England,359.p.100017,0.0,Graham Gano,359.p.9526,6.5,Buffalo,359.p.100002,5.5,,,Jadeveon's Hit Men,Tim,9,
Carson Palmer,359.p.6337,0.0,Julian Edelman,359.p.9496,0.0,Victor Cruz,359.p.24553,5.1,T.J. Yeldon,359.p.28424,13.0,,,,Jack Doyle,359.p.27299,8.6,Markus Wheaton,359.p.26702,0.0,Shane Vereen,359.p.24843,0.0,Doug Baldwin,359.p.25105,11.9,Allen Hurns,359.p.27874,0.0,Antonio Gates,359.p.6663,16.0,Adrian Peterson,359.p.8261,0.0,Connor Barth,359.p.9219,0.0,New York,359.p.100020,3.5,Matthew Stafford,13.3,John Brown's Army,Eric,9,359.p.9265
Marcus Mariota,359.p.28390,23.83,Mike Wallace,359.p.9348,20.4,Jeff Janis,359.p.27764,3.0,Charcandrick West,359.p.28044,8.9,Duke Johnson,359.p.28465,5.6,Coby Fleener,359.p.25744,5.7,Anquan Boldin,359.p.6390,8.0,Randall Cobb,359.p.24851,8.4,Matt Jones,359.p.28483,0.0,Jamison Crowder,359.p.28493,0.0,Alshon Jeffery,359.p.25755,0.0,David Johnson,359.p.28474,0.0,,,,Denver,359.p.100007,3.0,Ben Roethlisberger,15.1,The Twelve Apostles,Jones,9,359.p.6770
Cam Newton,359.p.24788,13.1,Rishard Matthews,359.p.25937,21.3,Jarvis Landry,359.p.27591,4.8,Latavius Murray,359.p.26804,31.2,Mike Davis,359.p.28514,0.5,Jason Witten,359.p.6405,23.4,Corey Coleman,359.p.29249,5.6,Pierre Garcon,359.p.8982,0.0,Giovani Bernard,359.p.26660,0.0,Brandon LaFell,359.p.24053,0.0,Marquise Goodwin,359.p.26701,6.3,Eddie Royal,359.p.8819,0.0,Dan Bailey,359.p.25427,2.5,Kansas City,359.p.100012,14.5,,,SuperCam That Ho,Lauren,9,
Eli Manning,359.p.6760,20.17,Jeremy Maclin,359.p.9283,0.0,Jordan Matthews,359.p.27570,11.8,Devonta Freeman,359.p.27631,11.5,Jonathan Stewart,359.p.8790,4.2,Jimmy Graham,359.p.24070,26.3,Davante Adams,359.p.27581,12.1,Cole Beasley,359.p.26060,14.6,Matt Asiata,359.p.25238,5.1,A.J. Green,359.p.24791,0.0,J.J. Nelson,359.p.28547,0.0,C.J. Fiedorowicz,359.p.27593,0.0,Adam Vinatieri,359.p.3727,4.0,Seattle,359.p.100026,9.5,,,Starr is Born,Nick,9,
Derek Carr,359.p.27564,6.43,Willie Snead IV,359.p.28026,5.1,Stefon Diggs,359.p.28534,15.7,Melvin Gordon III,359.p.28403,34.1,Todd Gurley,359.p.28398,9.4,Dennis Pitta,359.p.24089,2.4,Amari Cooper,359.p.28392,8.6,Spencer Ware,359.p.26817,0.0,Eric Ebron,359.p.27538,12.7,Tim Hightower,359.p.8926,16.7,Carson Wentz,359.p.29236,7.73,,,,Andrew Franks,359.p.28907,6.5,Los Angeles,359.p.100014,13.5,,,The fishingtons,Buddy,9,
Andrew Luck,359.p.25711,10.87,Demaryius Thomas,359.p.23997,8.1,Dez Bryant,359.p.23999,2.4,Le'Veon Bell,359.p.26671,10.0,Jay Ajayi,359.p.28537,19.5,Kyle Rudolph,359.p.24830,6.6,Terrelle Pryor Sr.,359.p.25681,13.2,Kenny Britt,359.p.9294,12.9,Hunter Henry,359.p.29269,0.0,Chris Thompson,359.p.26777,0.0,Derrick Henry,359.p.29279,0.0,Will Fuller V,359.p.29255,0.0,Matt Bryant,359.p.6243,11.0,Los Angeles,359.p.100024,17.0,,,The Scientist,Kyle,9,
Jameis Winston,359.p.28389,19.8,Julio Jones,359.p.24793,21.1,Brandin Cooks,359.p.27548,9.1,Frank Gore,359.p.7241,20.1,Isaiah Crowell,359.p.28014,8.7,Lance Kendricks,359.p.24834,12.5,Kelvin Benjamin,359.p.27556,10.1,Jordan Reed,359.p.26708,0.0,Philip Rivers,359.p.6763,16.87,Mohamed Sanu,359.p.25793,9.9,Ryan Mathews,359.p.23987,8.0,Jerick McKinnon,359.p.27624,0.8,Mason Crosby,359.p.8447,6.0,Baltimore,359.p.100033,13.5,,,Thug Bungalow,Michael,9,
Ryan Tannehill,359.p.25718,8.67,Allen Robinson II,359.p.27589,17.1,Michael Thomas,359.p.29281,21.8,Bilal Powell,359.p.24913,7.1,Terrance West,359.p.27622,2.2,Austin Hooper,359.p.29315,12.1,DuJuan Harris,359.p.25117,20.7,Carlos Hyde,359.p.27585,0.0,Andy Dalton,359.p.24822,0.0,Tyler Eifert,359.p.26644,0.0,Larry Fitzgerald,359.p.6762,0.0,Lamar Miller,359.p.25807,0.0,Blair Walsh,359.p.25885,3.5,Green Bay,359.p.100009,6.5,,,Thunder Crotches,Jake,9,
Drew Brees,359.p.5479,22.57,Golden Tate,359.p.24035,19.5,Quincy Enunwa,359.p.27737,3.0,DeMarco Murray,359.p.24858,17.5,Antone Smith,359.p.9707,4.7,Zach Ertz,359.p.26658,13.7,Tavon Austin,359.p.26631,2.3,Rob Gronkowski,359.p.24017,0.0,Kenneth Barber,359.p.29560,7.5,Jacquizz Rodgers,359.p.24932,0.0,Jordan Howard,359.p.29384,0.0,Tevin Coleman,359.p.28461,0.0,Brandon McManus,359.p.27120,8.0,Miami,359.p.100015,8.5,,,Victor Cruisin,Frags,9,
Blake Bortles,359.p.27531,19.8,Ty Montgomery II,359.p.28482,10.6,Jordy Nelson,359.p.8813,18.9,Devontae Booker,359.p.29370,3.5,LeSean McCoy,359.p.9317,14.0,Travis Kelce,359.p.26686,8.3,Odell Beckham Jr.,359.p.27540,18.6,Donte Moncrief,359.p.27618,13.0,Tyrell Williams,359.p.28691,15.5,Mike Gillislee,359.p.26787,10.6,Dion Lewis,359.p.24936,0.0,C.J. Prosise,359.p.29324,2.0,Caleb Sturgis,359.p.26789,9.0,Philadelphia,359.p.100021,7.0,,,who invited canada,Peter,9,
Tyrod Taylor,359.p.24967,22.93,Marvin Jones Jr.,359.p.25876,1.0,DeVante Parker,359.p.28402,1.8,Rashad Jennings,359.p.9514,5.4,Bobby Rainey,359.p.26455,0.0,Greg Olsen,359.p.8285,13.7,Cameron Brate,359.p.28267,12.8,Doug Martin,359.p.25741,0.0,LeGarrette Blount,359.p.24318,0.0,DeAndre Hopkins,359.p.26650,0.0,Kirk Cousins,359.p.25812,0.0,Zach Miller,359.p.9444,0.0,Chris Boswell,359.p.28188,1.0,Minnesota,359.p.100016,4.5,,,We're Back,Nate,9,
Tom Brady,359.p.5228,8.23,Mike Evans,359.p.27535,8.6,Steve Smith,359.p.5521,14.5,Ezekiel Elliott,359.p.29238,39.9,Mark Ingram II,359.p.24815,7.3,Delanie Walker,359.p.7924,22.9,Kenny Britt,359.p.9294,14.4,Rob Kelley,359.p.29694,10.0,Christine Michael,359.p.26685,3.1,Sterling Shepard,359.p.29274,12.7,James Starks,359.p.24169,11.9,Paul Perkins,359.p.29383,3.1,Stephen Hauschka,359.p.9066,10.5,Arizona,359.p.100022,11.0,,,The Ice Cold Bruschi,Ricky,10,
Aaron Rodgers,359.p.7200,25.07,Brandon Marshall,359.p.7868,3.5,Jordan Matthews,359.p.27570,10.3,Matt Forte,359.p.8821,11.9,Darren Sproles,359.p.7306,11.6,Gary Barnidge,359.p.8907,1.3,Adam Humphries,359.p.29070,7.3,Tyler Lockett,359.p.28457,8.7,Theo Riddick,359.p.26822,0.0,T.Y. Hilton,359.p.25802,0.0,DeAngelo Williams,359.p.7776,0.0,Cairo Santos,359.p.28227,12.0,Justin Tucker,359.p.26534,6.0,Carolina,359.p.100029,8.5,,,Immortal Duffmen,Pat,10,
Matt Ryan,359.p.8780,10.9,Emmanuel Sanders,359.p.24057,7.9,Antonio Brown,359.p.24171,27.4,Terron Ward,359.p.28832,-0.1,Don Jackson,359.p.29731,0.0,Julius Thomas,359.p.24916,11.4,Jeremy Hill,359.p.27583,10.6,Michael Crabtree,359.p.9274,0.0,Travis Benjamin,359.p.25810,0.0,James White,359.p.27658,5.7,Russell Wilson,359.p.25785,24.2,Buffalo,359.p.100002,0.0,Graham Gano,359.p.9526,4.0,New England,359.p.100017,3.5,,,Jadeveon's Hit Men,Tim,10,
Carson Palmer,359.p.6337,12.13,Julian Edelman,359.p.9496,11.4,Victor Cruz,359.p.24553,0.0,T.J. Yeldon,359.p.28424,7.4,,,,Jack Doyle,359.p.27299,0.0,Markus Wheaton,359.p.26702,0.0,Shane Vereen,359.p.24843,0.0,Doug Baldwin,359.p.25105,26.9,Allen Hurns,359.p.27874,1.3,Antonio Gates,359.p.6663,14.3,Adrian Peterson,359.p.8261,0.0,Connor Barth,359.p.9219,4.5,New York,359.p.100020,10.5,Matthew Stafford,0.0,John Brown's Army,Eric,10,359.p.9265
Marcus Mariota,359.p.28390,25.83,Mike Wallace,359.p.9348,7.9,Randall Cobb,359.p.24851,5.1,Duke Johnson,359.p.28465,4.6,David Johnson,359.p.28474,24.6,Coby Fleener,359.p.25744,3.6,Alshon Jeffery,359.p.25755,6.7,Anquan Boldin,359.p.6390,0.0,Charcandrick West,359.p.28044,2.5,Matt Jones,359.p.28483,0.0,Jamison Crowder,359.p.28493,12.4,Ben Roethlisberger,359.p.6770,25.7,Mike Nugent,359.p.7223,6.0,Denver,359.p.100007,10.0,,,The Twelve Apostles,Jones,10,
Cam Newton,359.p.24788,22.1,Rishard Matthews,359.p.25937,13.8,Jarvis Landry,359.p.27591,8.3,Giovani Bernard,359.p.26660,5.1,Andre Ellington,359.p.26810,-0.1,Jason Witten,359.p.6405,8.9,Corey Coleman,359.p.29249,3.2,Latavius Murray,359.p.26804,0.0,Pierre Garcon,359.p.8982,11.1,Brandon LaFell,359.p.24053,1.4,Marquise Goodwin,359.p.26701,0.0,Eddie Royal,359.p.8819,2.9,Dan Bailey,359.p.25427,11.0,Kansas City,359.p.100012,16.5,,,SuperCam That Ho,Lauren,10,
Dak Prescott,359.p.29369,16.63,A.J. Green,359.p.24791,16.3,Cole Beasley,359.p.26060,5.8,Devonta Freeman,359.p.27631,9.6,Jonathan Stewart,359.p.8790,3.9,Jimmy Graham,359.p.24070,6.8,Davante Adams,359.p.27581,18.6,Eli Manning,359.p.6760,16.4,Jeremy Maclin,359.p.9283,0.0,J.J. Nelson,359.p.28547,1.9,C.J. Fiedorowicz,359.p.27593,4.1,Adam Vinatieri,359.p.3727,0.0,Stephen Gostkowski,359.p.7867,4.5,Seattle,359.p.100026,8.0,,,Starr is Born,Nick,10,
Carson Wentz,359.p.29236,6.7,Willie Snead IV,359.p.28026,19.2,Stefon Diggs,359.p.28534,22.9,Melvin Gordon III,359.p.28403,15.7,Spencer Ware,359.p.26817,8.7,Dennis Pitta,359.p.24089,5.6,Todd Gurley,359.p.28398,7.7,Tim Hightower,359.p.8926,6.5,Eric Ebron,359.p.27538,0.0,Amari Cooper,359.p.28392,0.0,Derek Carr,359.p.27564,0.0,Cameron Meredith,359.p.28697,11.5,Andrew Franks,359.p.28907,4.0,Los Angeles,359.p.100014,12.5,,,The fishingtons,Buddy,10,
Jay Cutler,359.p.7760,3.77,Terrelle Pryor Sr.,359.p.25681,7.3,Demaryius Thomas,359.p.23997,18.7,Le'Veon Bell,359.p.26671,28.9,Jay Ajayi,359.p.28537,8.5,Kyle Rudolph,359.p.24830,15.4,Dez Bryant,359.p.23999,20.6,Andrew Luck,359.p.25711,0.0,Derrick Henry,359.p.29279,3.1,Kapri Bibbs,359.p.27821,2.2,Kenneth Dixon,359.p.29368,10.5,Ladarius Green,359.p.25820,4.5,Matt Bryant,359.p.6243,9.0,Los Angeles,359.p.100024,7.0,,,The Scientist,Kyle,10,
Jameis Winston,359.p.28389,16.4,Julio Jones,359.p.24793,18.5,Brandin Cooks,359.p.27548,17.3,Isaiah Crowell,359.p.28014,6.8,Matt Asiata,359.p.25238,8.0,Jordan Reed,359.p.26708,5.1,Kelvin Benjamin,359.p.27556,9.9,Ryan Mathews,359.p.23987,27.9,Lance Kendricks,359.p.24834,0.5,Frank Gore,359.p.7241,0.0,Philip Rivers,359.p.6763,14.87,Mohamed Sanu,359.p.25793,2.4,Mason Crosby,359.p.8447,5.5,Baltimore,359.p.100033,17.0,,,Thug Bungalow,Michael,10,
Andy Dalton,359.p.24822,10.3,Allen Robinson II,359.p.27589,22.2,Larry Fitzgerald,359.p.6762,19.2,Terrance West,359.p.27622,8.2,Lamar Miller,359.p.25807,8.3,Tyler Eifert,359.p.26644,11.1,Michael Thomas,359.p.29281,2.0,DuJuan Harris,359.p.25117,1.4,Ryan Tannehill,359.p.25718,16.6,Austin Hooper,359.p.29315,1.3,Carlos Hyde,359.p.27585,1.4,Chris Ivory,359.p.24400,5.1,Blair Walsh,359.p.25885,1.0,Green Bay,359.p.100009,0.5,,,Thunder Crotches,Jake,10,
Drew Brees,359.p.5479,19.0,Quincy Enunwa,359.p.27737,1.2,Tavon Austin,359.p.26631,3.9,DeMarco Murray,359.p.24858,26.93,Jordan Howard,359.p.29384,8.0,Rob Gronkowski,359.p.24017,7.1,Zach Ertz,359.p.26658,8.5,Bilal Powell,359.p.24913,18.4,Kenneth Barber,359.p.29560,3.8,Golden Tate,359.p.24035,0.0,Jacquizz Rodgers,359.p.24932,0.0,Tevin Coleman,359.p.28461,0.0,Brandon McManus,359.p.27120,10.0,Houston,359.p.100034,15.5,,,Victor Cruisin,Frags,10,
Blake Bortles,359.p.27531,13.93,Jordy Nelson,359.p.8813,24.6,Tyrell Williams,359.p.28691,21.0,Ty Montgomery II,359.p.28482,3.0,Devontae Booker,359.p.29370,9.8,Travis Kelce,359.p.26686,5.6,Odell Beckham Jr.,359.p.27540,20.7,Dion Lewis,359.p.24936,0.0,LeSean McCoy,359.p.9317,0.0,Donte Moncrief,359.p.27618,0.0,Mike Gillislee,359.p.26787,0.0,C.J. Prosise,359.p.29324,18.8,Caleb Sturgis,359.p.26789,7.5,Philadelphia,359.p.100021,9.0,,,who invited canada,Peter,10,
Kirk Cousins,359.p.25812,16.63,DeVante Parker,359.p.28402,12.8,DeAndre Hopkins,359.p.26650,7.3,Rashad Jennings,359.p.9514,12.4,LeGarrette Blount,359.p.24318,24.9,Greg Olsen,359.p.8285,6.4,Zach Miller,359.p.9444,5.2,Cameron Brate,359.p.28267,17.9,Doug Martin,359.p.25741,11.1,Bobby Rainey,359.p.26455,0.0,Marvin Jones Jr.,359.p.25876,0.0,Tyrod Taylor,359.p.24967,0.0,Chris Boswell,359.p.28188,5.0,Minnesota,359.p.100016,4.5,,,We're Back,Nate,10,
Tom Brady,359.p.5228,26.53,Mike Evans,359.p.27535,13.5,Steve Smith,359.p.5521,19.9,Ezekiel Elliott,359.p.29238,14.7,Rob Kelley,359.p.29694,31.7,Delanie Walker,359.p.7924,5.6,Martellus Bennett,359.p.8838,1.9,Kenny Britt,359.p.9294,6.8,James Starks,359.p.24169,15.6,Mark Ingram II,359.p.24815,9.0,Paul Perkins,359.p.29383,4.5,Robert Woods,359.p.26664,5.6,Stephen Gostkowski,359.p.7867,4.5,Arizona,359.p.100022,7.5,,,The Ice Cold Bruschi,Ricky,11,
Aaron Rodgers,359.p.7200,26.0,Jordan Matthews,359.p.27570,8.4,T.Y. Hilton,359.p.25802,18.2,Darren Sproles,359.p.7306,2.6,Theo Riddick,359.p.26822,12.3,Gary Barnidge,359.p.8907,9.3,Adam Humphries,359.p.29070,6.7,Brandon Marshall,359.p.7868,0.0,Matt Forte,359.p.8821,0.0,Tyler Lockett,359.p.28457,4.9,DeAngelo Williams,359.p.7776,0.0,Justin Tucker,359.p.26534,4.0,Cairo Santos,359.p.28227,3.0,Carolina,359.p.100029,10.5,,,Immortal Duffmen,Pat,11,
Russell Wilson,359.p.25785,22.97,Antonio Brown,359.p.24171,11.6,Michael Crabtree,359.p.9274,1.0,James White,359.p.27658,15.3,Benny Cunningham Jr.,359.p.27167,0.9,Julius Thomas,359.p.24916,2.7,Jeremy Hill,359.p.27583,7.3,Terron Ward,359.p.28832,0.0,Emmanuel Sanders,359.p.24057,0.0,Matt Ryan,359.p.8780,0.0,Travis Benjamin,359.p.25810,0.0,Buffalo,359.p.100002,10.5,Graham Gano,359.p.9526,10.0,New England,359.p.100017,9.5,,,Jadeveon's Hit Men,Tim,11,
Carson Palmer,359.p.6337,11.7,Julian Edelman,359.p.9496,18.9,Victor Cruz,359.p.24553,5.3,T.J. Yeldon,359.p.28424,4.2,,,,Jack Doyle,359.p.27299,1.2,Markus Wheaton,359.p.26702,0.0,Shane Vereen,359.p.24843,0.0,Doug Baldwin,359.p.25105,16.9,Allen Hurns,359.p.27874,1.4,Antonio Gates,359.p.6663,0.0,Adrian Peterson,359.p.8261,0.0,Connor Barth,359.p.9219,3.5,New York,359.p.100020,0.0,Matthew Stafford,9.27,John Brown's Army,Eric,11,359.p.9265
Ben Roethlisberger,359.p.6770,6.57,Mike Wallace,359.p.9348,9.0,Randall Cobb,359.p.24851,9.9,Duke Johnson,359.p.28465,7.1,David Johnson,359.p.28474,31.5,Coby Fleener,359.p.25744,8.2,Jamison Crowder,359.p.28493,17.7,Marcus Mariota,359.p.28390,20.57,Alshon Jeffery,359.p.25755,0.0,Matt Jones,359.p.28483,0.0,Dwayne Washington,359.p.29470,3.1,Denver,359.p.100007,0.0,Mike Nugent,359.p.7223,0.0,New York,359.p.100019,11.5,,,The Twelve Apostles,Jones,11,
Cam Newton,359.p.24788,11.1,Rishard Matthews,359.p.25937,16.7,Jarvis Landry,359.p.27591,11.3,Giovani Bernard,359.p.26660,8.6,Latavius Murray,359.p.26804,11.7,Jason Witten,359.p.6405,6.2,Corey Coleman,359.p.29249,5.9,Andre Ellington,359.p.26810,2.8,Pierre Garcon,359.p.8982,20.6,Brandon LaFell,359.p.24053,5.2,Marquise Goodwin,359.p.26701,2.5,Eddie Royal,359.p.8819,1.3,Dan Bailey,359.p.25427,6.5,Kansas City,359.p.100012,8.0,,,SuperCam That Ho,Lauren,11,
Dak Prescott,359.p.29369,23.63,A.J. Green,359.p.24791,0.0,Davante Adams,359.p.27581,5.7,Jonathan Stewart,359.p.8790,10.4,Chris Thompson,359.p.26777,2.4,Jimmy Graham,359.p.24070,12.1,Tyreek Hill,359.p.29399,8.1,Cole Beasley,359.p.26060,14.4,Devonta Freeman,359.p.27631,0.0,Eli Manning,359.p.6760,15.67,Jeremy Maclin,359.p.9283,0.0,J.J. Nelson,359.p.28547,0.5,Adam Vinatieri,359.p.3727,4.5,Seattle,359.p.100026,10.0,,,Starr is Born,Nick,11,
Derek Carr,359.p.27564,19.63,Willie Snead IV,359.p.28026,5.3,Amari Cooper,359.p.28392,13.7,Spencer Ware,359.p.26817,9.5,Todd Gurley,359.p.28398,13.6,Eric Ebron,359.p.27538,14.6,Stefon Diggs,359.p.28534,6.7,Dennis Pitta,359.p.24089,4.5,Melvin Gordon III,359.p.28403,0.0,Tim Hightower,359.p.8926,16.6,Cameron Meredith,359.p.28697,6.9,Will Fuller V,359.p.29255,2.2,Matt Prater,359.p.8565,6.0,Los Angeles,359.p.100014,13.0,,,The fishingtons,Buddy,11,
Andrew Luck,359.p.25711,16.93,Terrelle Pryor Sr.,359.p.25681,12.2,Dez Bryant,359.p.23999,23.0,Le'Veon Bell,359.p.26671,29.1,Jay Ajayi,359.p.28537,9.9,Kyle Rudolph,359.p.24830,2.2,Kenneth Dixon,359.p.29368,4.0,Demaryius Thomas,359.p.23997,0.0,Derrick Henry,359.p.29279,0.0,Kapri Bibbs,359.p.27821,0.0,Ladarius Green,359.p.25820,0.0,Los Angeles,359.p.100024,0.0,Dustin Hopkins,359.p.26800,4.5,Pittsburgh,359.p.100023,27.5,,,The Scientist,Kyle,11,
Jameis Winston,359.p.28389,14.23,Brandin Cooks,359.p.27548,8.4,Sterling Shepard,359.p.29274,13.5,Frank Gore,359.p.7241,14.1,Ryan Mathews,359.p.23987,3.1,Jordan Reed,359.p.26708,10.4,Kelvin Benjamin,359.p.27556,7.1,Isaiah Crowell,359.p.28014,4.8,Julio Jones,359.p.24793,0.0,Matt Asiata,359.p.25238,9.2,Philip Rivers,359.p.6763,0.0,Mohamed Sanu,359.p.25793,0.0,Mason Crosby,359.p.8447,4.5,Philadelphia,359.p.100021,1.5,,,Thug Bungalow,Michael,11,
Andy Dalton,359.p.24822,12.9,Allen Robinson II,359.p.27589,9.3,Larry Fitzgerald,359.p.6762,9.3,Lamar Miller,359.p.25807,18.3,Carlos Hyde,359.p.27585,11.5,Tyler Eifert,359.p.26644,5.2,Michael Thomas,359.p.29281,9.3,Terrance West,359.p.27622,11.8,DuJuan Harris,359.p.25117,0.4,Ryan Tannehill,359.p.25718,13.63,Austin Hooper,359.p.29315,0.0,Chris Ivory,359.p.24400,12.4,Nick Novak,359.p.7505,6.0,Green Bay,359.p.100009,1.5,,,Thunder Crotches,Jake,11,
Drew Brees,359.p.5479,13.5,Tavon Austin,359.p.26631,3.4,Golden Tate,359.p.24035,1.6,DeMarco Murray,359.p.24858,15.4,Jordan Howard,359.p.29384,10.4,C.J. Fiedorowicz,359.p.27593,11.2,Adam Thielen,359.p.27277,15.0,Zach Ertz,359.p.26658,12.5,Rob Gronkowski,359.p.24017,0.0,Quincy Enunwa,359.p.27737,0.0,Bilal Powell,359.p.24913,0.0,Tevin Coleman,359.p.28461,0.0,Robbie Gould,359.p.7520,3.5,Tennessee,359.p.100010,4.5,,,Victor Cruisin,Frags,11,
Blake Bortles,359.p.27531,11.03,Donte Moncrief,359.p.27618,11.7,Odell Beckham Jr.,359.p.27540,6.1,LeSean McCoy,359.p.9317,10.5,C.J. Prosise,359.p.29324,15.1,Travis Kelce,359.p.26686,13.8,Jordy Nelson,359.p.8813,10.3,Dion Lewis,359.p.24936,6.4,Devontae Booker,359.p.29370,0.0,Ty Montgomery II,359.p.28482,5.9,Tyrell Williams,359.p.28691,0.0,Thomas Rawls,359.p.28714,10.3,Caleb Sturgis,359.p.26789,0.5,Miami,359.p.100015,10.0,,,who invited canada,Peter,11,
Kirk Cousins,359.p.25812,24.9,DeVante Parker,359.p.28402,17.9,DeAndre Hopkins,359.p.26650,8.3,Rashad Jennings,359.p.9514,21.4,LeGarrette Blount,359.p.24318,12.4,Greg Olsen,359.p.8285,5.3,Doug Martin,359.p.25741,12.0,Zach Miller,359.p.9444,13.6,Cameron Brate,359.p.28267,2.8,Bobby Rainey,359.p.26455,0.0,Marvin Jones Jr.,359.p.25876,2.0,Tyrod Taylor,359.p.24967,7.43,Chris Boswell,359.p.28188,8.5,Minnesota,359.p.100016,17.0,,,We're Back,Nate,11,
Tom Brady,359.p.5228,16.13,Mike Evans,359.p.27535,26.4,Steve Smith,359.p.5521,4.0,Ezekiel Elliott,359.p.29238,25.0,Rob Kelley,359.p.29694,5.2,Delanie Walker,359.p.7924,12.5,Mark Ingram II,359.p.24815,29.2,Kenny Britt,359.p.9294,13.7,James Starks,359.p.24169,9.3,Alfred Morris,359.p.25883,1.2,Alex Collins,359.p.29405,0.0,Jared Cook,359.p.9353,1.2,Stephen Gostkowski,359.p.7867,7.5,Baltimore,359.p.100033,12.5,,,The Ice Cold Bruschi,Ricky,12,
Aaron Rodgers,359.p.7200,21.03,Jordan Matthews,359.p.27570,6.7,T.Y. Hilton,359.p.25802,6.9,Theo Riddick,359.p.26822,8.3,Matt Forte,359.p.8821,6.5,Gary Barnidge,359.p.8907,1.6,Brandon Marshall,359.p.7868,15.7,Adam Humphries,359.p.29070,1.6,Darren Sproles,359.p.7306,7.9,Tyler Lockett,359.p.28457,0.9,DeAngelo Williams,359.p.7776,0.0,Justin Tucker,359.p.26534,15.5,Cairo Santos,359.p.28227,7.0,Carolina,359.p.100029,7.0,,,Immortal Duffmen,Pat,12,
Russell Wilson,359.p.25785,8.03,Antonio Brown,359.p.24171,29.6,Michael Crabtree,359.p.9274,15.0,James White,359.p.27658,4.2,Benny Cunningham Jr.,359.p.27167,1.7,Julius Thomas,359.p.24916,0.0,Jeremy Hill,359.p.27583,11.2,Terron Ward,359.p.28832,0.0,Emmanuel Sanders,359.p.24057,25.7,Matt Ryan,359.p.8780,16.47,Travis Benjamin,359.p.25810,1.3,Buffalo,359.p.100002,4.0,Graham Gano,359.p.9526,1.0,New England,359.p.100017,7.5,,,Jadeveon's Hit Men,Tim,12,
Carson Palmer,359.p.6337,14.63,Julian Edelman,359.p.9496,12.3,Victor Cruz,359.p.24553,4.2,T.J. Yeldon,359.p.28424,2.5,,,,Jack Doyle,359.p.27299,3.5,Markus Wheaton,359.p.26702,0.0,Shane Vereen,359.p.24843,0.0,Doug Baldwin,359.p.25105,6.9,Allen Hurns,359.p.27874,7.7,Antonio Gates,359.p.6663,0.0,Adrian Peterson,359.p.8261,0.0,Connor Barth,359.p.9219,1.5,New York,359.p.100020,1.0,Matthew Stafford,14.73,John Brown's Army,Eric,12,359.p.9265
Marcus Mariota,359.p.28390,20.13,Mike Wallace,359.p.9348,7.1,Randall Cobb,359.p.24851,6.1,Duke Johnson,359.p.28465,5.5,David Johnson,359.p.28474,26.1,Coby Fleener,359.p.25744,7.9,Jamison Crowder,359.p.28493,12.8,Ben Roethlisberger,359.p.6770,19.37,Alshon Jeffery,359.p.25755,0.0,Matt Jones,359.p.28483,0.0,Dwayne Washington,359.p.29470,1.9,New York,359.p.100019,27.5,Mike Nugent,359.p.7223,5.0,Denver,359.p.100007,9.0,,,The Twelve Apostles,Jones,12,
Cam Newton,359.p.24788,17.8,Rishard Matthews,359.p.25937,13.9,Jarvis Landry,359.p.27591,6.7,Latavius Murray,359.p.26804,16.3,Rex Burkhead,359.p.26813,5.8,Jason Witten,359.p.6405,4.8,Brandon LaFell,359.p.24053,5.3,Jalen Richard,359.p.30000,2.3,Corey Coleman,359.p.29249,11.3,Pierre Garcon,359.p.8982,6.3,Marquise Goodwin,359.p.26701,2.3,Christine Michael,359.p.26685,0.4,Dan Bailey,359.p.25427,5.0,Kansas City,359.p.100012,14.5,,,SuperCam That Ho,Lauren,12,
Dak Prescott,359.p.29369,20.4,Davante Adams,359.p.27581,25.8,Cole Beasley,359.p.26060,8.1,Jonathan Stewart,359.p.8790,21.6,Devonta Freeman,359.p.27631,20.7,Jimmy Graham,359.p.24070,7.7,Wendell Smallwood,359.p.29387,5.2,Tyler Boyd,359.p.29288,8.7,Tyreek Hill,359.p.29399,28.0,A.J. Green,359.p.24791,0.0,Eli Manning,359.p.6760,18.27,Jeremy Maclin,359.p.9283,0.0,Adam Vinatieri,359.p.3727,0.5,Seattle,359.p.100026,11.0,,,Starr is Born,Nick,12,
Derek Carr,359.p.27564,13.3,Willie Snead IV,359.p.28026,11.97,Amari Cooper,359.p.28392,4.2,Spencer Ware,359.p.26817,10.6,Melvin Gordon III,359.p.28403,10.9,Eric Ebron,359.p.27538,0.0,Todd Gurley,359.p.28398,10.9,Tim Hightower,359.p.8926,17.5,Stefon Diggs,359.p.28534,0.0,Dennis Pitta,359.p.24089,4.9,Cameron Meredith,359.p.28697,2.9,Will Fuller V,359.p.29255,7.0,Matt Prater,359.p.8565,8.5,Los Angeles,359.p.100014,4.5,,,The fishingtons,Buddy,12,
Carson Wentz,359.p.29236,15.77,Terrelle Pryor Sr.,359.p.25681,16.1,Dez Bryant,359.p.23999,9.7,Le'Veon Bell,359.p.26671,22.2,Jay Ajayi,359.p.28537,12.1,Kyle Rudolph,359.p.24830,10.9,Demaryius Thomas,359.p.23997,8.5,Andrew Luck,359.p.25711,0.0,Kenneth Dixon,359.p.29368,10.0,Derrick Henry,359.p.29279,12.0,Sammy Watkins,359.p.27532,9.5,Los Angeles,359.p.100024,14.5,Josh Lambo,359.p.28685,1.5,Pittsburgh,359.p.100023,13.0,,,The Scientist,Kyle,12,
Philip Rivers,359.p.6763,18.07,Brandin Cooks,359.p.27548,0.0,Julio Jones,359.p.24793,5.5,Frank Gore,359.p.7241,3.6,Isaiah Crowell,359.p.28014,10.1,Jordan Reed,359.p.26708,26.5,Kelvin Benjamin,359.p.27556,12.3,Jameis Winston,359.p.28389,14.53,Sterling Shepard,359.p.29274,2.2,Ryan Mathews,359.p.23987,0.0,Matt Asiata,359.p.25238,11.6,Mohamed Sanu,359.p.25793,11.0,Matt Bryant,359.p.6243,5.5,Philadelphia,359.p.100021,1.5,,,Thug Bungalow,Michael,12,
Andy Dalton,359.p.24822,8.83,Allen Robinson II,359.p.27589,3.4,Larry Fitzgerald,359.p.6762,7.3,Lamar Miller,359.p.25807,7.0,Carlos Hyde,359.p.27585,18.0,Tyler Eifert,359.p.26644,15.3,Michael Thomas,359.p.29281,27.3,Terrance West,359.p.27622,7.9,DuJuan Harris,359.p.25117,1.5,Ryan Tannehill,359.p.25718,24.9,Austin Hooper,359.p.29315,1.8,Chris Ivory,359.p.24400,12.0,Nick Novak,359.p.7505,5.5,New Orleans,359.p.100018,9.0,,,Thunder Crotches,Jake,12,
Drew Brees,359.p.5479,30.43,Golden Tate,359.p.24035,10.2,Quincy Enunwa,359.p.27737,19.4,DeMarco Murray,359.p.24858,9.9,Jordan Howard,359.p.29384,14.2,Rob Gronkowski,359.p.24017,0.0,Zach Ertz,359.p.26658,5.1,Tavon Austin,359.p.26631,13.5,Adam Thielen,359.p.27277,9.3,C.J. Fiedorowicz,359.p.27593,6.2,Bilal Powell,359.p.24913,4.8,Tevin Coleman,359.p.28461,8.3,Robbie Gould,359.p.7520,1.5,Tennessee,359.p.100010,5.5,,,Victor Cruisin,Frags,12,
Colin Kaepernick,359.p.24823,31.17,Odell Beckham Jr.,359.p.27540,24.6,Jordy Nelson,359.p.8813,13.1,LeSean McCoy,359.p.9317,27.4,Thomas Rawls,359.p.28714,3.8,Travis Kelce,359.p.26686,14.1,Devontae Booker,359.p.29370,10.6,Donte Moncrief,359.p.27618,13.5,Dion Lewis,359.p.24936,7.8,Tyrell Williams,359.p.28691,17.0,Mike Gillislee,359.p.26787,0.0,,,,Caleb Sturgis,359.p.26789,7.5,Miami,359.p.100015,8.0,,,who invited canada,Peter,12,
Kirk Cousins,359.p.25812,26.17,DeVante Parker,359.p.28402,7.9,DeAndre Hopkins,359.p.26650,9.5,Rashad Jennings,359.p.9514,6.9,LeGarrette Blount,359.p.24318,6.7,Greg Olsen,359.p.8285,6.5,Doug Martin,359.p.25741,8.0,Zach Miller,359.p.9444,0.0,Cameron Brate,359.p.28267,6.9,Bobby Rainey,359.p.26455,-2.0,Marvin Jones Jr.,359.p.25876,7.4,Tyrod Taylor,359.p.24967,19.33,Chris Boswell,359.p.28188,2.0,Minnesota,359.p.100016,5.0,,,We're Back,Nate,12,
Tom Brady,359.p.5228,13.07,Mike Evans,359.p.27535,6.3,Steve Smith,359.p.5521,8.3,Ezekiel Elliott,359.p.29238,17.5,Rob Kelley,359.p.29694,6.3,Martellus Bennett,359.p.8838,1.4,James Starks,359.p.24169,0.1,Mark Ingram II,359.p.24815,7.8,Delanie Walker,359.p.7924,0.0,Kenny Britt,359.p.9294,13.7,Dontrelle Inman,359.p.25120,11.9,Taylor Gabriel,359.p.28234,6.9,Stephen Gostkowski,359.p.7867,12.0,Baltimore,359.p.100033,18.0,,,The Ice Cold Bruschi,Ricky,13,
Aaron Rodgers,359.p.7200,14.57,T.Y. Hilton,359.p.25802,19.1,Adam Humphries,359.p.29070,2.9,Theo Riddick,359.p.26822,10.2,Matt Forte,359.p.8821,9.4,Ladarius Green,359.p.25820,20.0,Brandon Marshall,359.p.7868,6.3,Jordan Matthews,359.p.27570,0.0,Gary Barnidge,359.p.8907,0.0,Darren Sproles,359.p.7306,13.9,Tyler Lockett,359.p.28457,22.3,DeAngelo Williams,359.p.7776,0.0,Justin Tucker,359.p.26534,6.5,Carolina,359.p.100029,4.5,,,Immortal Duffmen,Pat,13,
Russell Wilson,359.p.25785,14.13,Antonio Brown,359.p.24171,14.4,Michael Crabtree,359.p.9274,16.9,James White,359.p.27658,5.5,Benny Cunningham Jr.,359.p.27167,-0.1,Julius Thomas,359.p.24916,0.0,Jeremy Hill,359.p.27583,11.5,Terron Ward,359.p.28832,0.0,Emmanuel Sanders,359.p.24057,4.7,Matt Ryan,359.p.8780,14.2,Travis Benjamin,359.p.25810,3.4,Buffalo,359.p.100002,-3.0,Graham Gano,359.p.9526,0.5,New England,359.p.100017,14.5,,,Jadeveon's Hit Men,Tim,13,
Carson Palmer,359.p.6337,21.9,Julian Edelman,359.p.9496,14.1,Victor Cruz,359.p.24553,0.0,T.J. Yeldon,359.p.28424,9.7,,,,Jack Doyle,359.p.27299,3.0,Markus Wheaton,359.p.26702,0.0,Shane Vereen,359.p.24843,0.0,Doug Baldwin,359.p.25105,9.0,Allen Hurns,359.p.27874,0.0,Antonio Gates,359.p.6663,5.7,Adrian Peterson,359.p.8261,0.0,Connor Barth,359.p.9219,4.5,New York,359.p.100020,1.0,Matthew Stafford,21.57,John Brown's Army,Eric,13,359.p.9265
Ben Roethlisberger,359.p.6770,15.63,Mike Wallace,359.p.9348,8.9,Randall Cobb,359.p.24851,9.4,David Johnson,359.p.28474,33.0,Dwayne Washington,359.p.29470,5.0,Coby Fleener,359.p.25744,11.1,Jamison Crowder,359.p.28493,11.7,Duke Johnson,359.p.28465,0.0,Marcus Mariota,359.p.28390,0.0,Alshon Jeffery,359.p.25755,0.0,Matt Jones,359.p.28483,0.0,Cairo Santos,359.p.28227,1.5,,,,Denver,359.p.100007,17.5,New York,8.5,The Twelve Apostles,Jones,13,359.p.100019
Cam Newton,359.p.24788,11.27,Jarvis Landry,359.p.27591,14.1,Pierre Garcon,359.p.8982,11.3,Latavius Murray,359.p.26804,24.0,Rex Burkhead,359.p.26813,6.6,Jason Witten,359.p.6405,0.0,Brandon LaFell,359.p.24053,18.0,Rishard Matthews,359.p.25937,0.0,Jalen Richard,359.p.30000,5.3,Corey Coleman,359.p.29249,0.0,Marquise Goodwin,359.p.26701,5.5,Christine Michael,359.p.26685,1.9,Dan Bailey,359.p.25427,4.0,Kansas City,359.p.100012,11.5,,,SuperCam That Ho,Lauren,13,
Dak Prescott,359.p.29369,9.33,Davante Adams,359.p.27581,2.2,Tyreek Hill,359.p.29399,9.7,Jonathan Stewart,359.p.8790,3.8,Devonta Freeman,359.p.27631,24.5,Jimmy Graham,359.p.24070,15.3,Cole Beasley,359.p.26060,3.3,Tyler Boyd,359.p.29288,8.6,Wendell Smallwood,359.p.29387,1.9,A.J. Green,359.p.24791,0.0,Jeremy Maclin,359.p.9283,0.0,Malcolm Mitchell,359.p.29346,12.2,Adam Vinatieri,359.p.3727,9.5,Seattle,359.p.100026,9.0,,,Starr is Born,Nick,13,
Derek Carr,359.p.27564,18.07,Willie Snead IV,359.p.28026,4.8,Amari Cooper,359.p.28392,12.9,Spencer Ware,359.p.26817,18.7,Melvin Gordon III,359.p.28403,21.8,Eric Ebron,359.p.27538,5.8,Todd Gurley,359.p.28398,5.7,Tim Hightower,359.p.8926,1.4,Stefon Diggs,359.p.28534,9.9,Dennis Pitta,359.p.24089,23.5,Will Fuller V,359.p.29255,8.4,Los Angeles,359.p.100014,2.0,Matt Prater,359.p.8565,13.5,Washington,359.p.100028,4.5,,,The fishingtons,Buddy,13,
Andrew Luck,359.p.25711,27.87,Dez Bryant,359.p.23999,16.4,Demaryius Thomas,359.p.23997,9.1,Le'Veon Bell,359.p.26671,19.2,Jay Ajayi,359.p.28537,11.7,Kyle Rudolph,359.p.24830,7.5,Sammy Watkins,359.p.27532,5.3,Terrelle Pryor Sr.,359.p.25681,0.0,Carson Wentz,359.p.29236,11.07,Kenneth Dixon,359.p.29368,9.7,Derrick Henry,359.p.29279,0.0,Pittsburgh,359.p.100023,12.5,Josh Lambo,359.p.28685,1.5,Los Angeles,359.p.100024,4.5,,,The Scientist,Kyle,13,
Philip Rivers,359.p.6763,13.3,Brandin Cooks,359.p.27548,11.2,Julio Jones,359.p.24793,14.8,Frank Gore,359.p.7241,7.9,Chris Thompson,359.p.26777,5.0,Vance McDonald,359.p.26678,1.9,Kelvin Benjamin,359.p.27556,2.8,Jordan Reed,359.p.26708,0.0,Ryan Mathews,359.p.23987,0.0,Isaiah Crowell,359.p.28014,0.0,Jameis Winston,359.p.28389,12.43,Sterling Shepard,359.p.29274,10.1,Matt Bryant,359.p.6243,8.5,Philadelphia,359.p.100021,4.5,,,Thug Bungalow,Michael,13,
Andy Dalton,359.p.24822,19.97,Allen Robinson II,359.p.27589,4.6,Larry Fitzgerald,359.p.6762,12.8,Lamar Miller,359.p.25807,2.3,Carlos Hyde,359.p.27585,10.3,Tyler Eifert,359.p.26644,9.5,Michael Thomas,359.p.29281,6.2,Terrance West,359.p.27622,20.3,DuJuan Harris,359.p.25117,0.8,Ryan Tannehill,359.p.25718,4.53,Austin Hooper,359.p.29315,0.0,Chris Ivory,359.p.24400,0.0,Nick Novak,359.p.7505,0.5,New Orleans,359.p.100018,4.0,,,Thunder Crotches,Jake,13,
Drew Brees,359.p.5479,3.87,Golden Tate,359.p.24035,24.5,Quincy Enunwa,359.p.27737,1.5,Jordan Howard,359.p.29384,29.7,Tevin Coleman,359.p.28461,4.9,C.J. Fiedorowicz,359.p.27593,7.4,Vernon Davis,359.p.7755,7.2,Bilal Powell,359.p.24913,0.3,Zach Ertz,359.p.26658,18.4,DeMarco Murray,359.p.24858,0.0,Tavon Austin,359.p.26631,0.0,Adam Thielen,359.p.27277,10.1,Nick Folk,359.p.8432,3.5,Green Bay,359.p.100009,11.0,,,Victor Cruisin,Frags,13,
Colin Kaepernick,359.p.24823,1.13,Odell Beckham Jr.,359.p.27540,15.0,Jordy Nelson,359.p.8813,21.8,LeSean McCoy,359.p.9317,22.6,Devontae Booker,359.p.29370,10.2,Travis Kelce,359.p.26686,18.0,Tyrell Williams,359.p.28691,11.7,Thomas Rawls,359.p.28714,24.3,Donte Moncrief,359.p.27618,10.6,Dion Lewis,359.p.24936,5.8,Mike Gillislee,359.p.26787,16.9,Arizona,359.p.100022,7.5,Caleb Sturgis,359.p.26789,1.0,Miami,359.p.100015,1.0,,,who invited canada,Peter,13,
Tyrod Taylor,359.p.24967,11.37,DeAndre Hopkins,359.p.26650,13.3,Marvin Jones Jr.,359.p.25876,0.0,Rashad Jennings,359.p.9514,14.3,Doug Martin,359.p.25741,13.3,Greg Olsen,359.p.8285,4.5,LeGarrette Blount,359.p.24318,14.8,Cameron Brate,359.p.28267,17.6,DeVante Parker,359.p.28402,10.9,Kirk Cousins,359.p.25812,15.03,Zach Miller,359.p.9444,0.0,Bobby Rainey,359.p.26455,0.0,Chris Boswell,359.p.28188,0.0,Minnesota,359.p.100016,11.5,,,We're Back,Nate,13,
Tom Brady,359.p.5228,23.43,Mike Evans,359.p.27535,6.2,Kenny Britt,359.p.9294,11.7,Ezekiel Elliott,359.p.29238,10.7,Rob Kelley,359.p.29694,15.8,Delanie Walker,359.p.7924,4.8,Mark Ingram II,359.p.24815,2.8,Steve Smith,359.p.5521,7.7,Dontrelle Inman,359.p.25120,16.1,Alfred Morris,359.p.25883,0.0,Zach Ertz,359.p.26658,16.2,Baltimore,359.p.100033,7.5,Stephen Gostkowski,359.p.7867,2.0,Cincinnati,359.p.100004,10.0,,,The Ice Cold Bruschi,Ricky,14,
Aaron Rodgers,359.p.7200,19.6,T.Y. Hilton,359.p.25802,22.0,Adam Humphries,359.p.29070,0.0,Theo Riddick,359.p.26822,0.0,Matt Forte,359.p.8821,0.8,Ladarius Green,359.p.25820,3.5,Brandon Marshall,359.p.7868,4.8,Jordan Matthews,359.p.27570,11.9,Gary Barnidge,359.p.8907,4.2,Darren Sproles,359.p.7306,11.0,Tyler Lockett,359.p.28457,7.6,DeAngelo Williams,359.p.7776,0.0,Justin Tucker,359.p.26534,11.0,Carolina,359.p.100029,22.5,,,Immortal Duffmen,Pat,14,
Russell Wilson,359.p.25785,3.9,Antonio Brown,359.p.24171,10.3,Michael Crabtree,359.p.9274,4.1,James White,359.p.27658,9.9,Benny Cunningham Jr.,359.p.27167,0.0,Julius Thomas,359.p.24916,0.0,Jeremy Hill,359.p.27583,21.7,Terron Ward,359.p.28832,2.4,Emmanuel Sanders,359.p.24057,21.5,Matt Ryan,359.p.8780,19.9,Travis Benjamin,359.p.25810,-0.2,Buffalo,359.p.100002,7.0,Graham Gano,359.p.9526,12.0,New England,359.p.100017,7.5,,,Jadeveon's Hit Men,Tim,14,
Carson Palmer,359.p.6337,6.33,Julian Edelman,359.p.9496,10.8,Victor Cruz,359.p.24553,0.9,T.J. Yeldon,359.p.28424,12.5,,,,Jack Doyle,359.p.27299,8.0,Markus Wheaton,359.p.26702,0.0,Shane Vereen,359.p.24843,1.5,Doug Baldwin,359.p.25105,7.6,Allen Hurns,359.p.27874,0.0,Antonio Gates,359.p.6663,8.6,Adrian Peterson,359.p.8261,0.0,Connor Barth,359.p.9219,4.0,New York,359.p.100020,5.5,Matthew Stafford,14.93,John Brown's Army,Eric,14,359.p.9265
Ben Roethlisberger,359.p.6770,1.13,Mike Wallace,359.p.9348,7.7,Randall Cobb,359.p.24851,4.8,David Johnson,359.p.28474,13.6,Duke Johnson,359.p.28465,5.0,Coby Fleener,359.p.25744,1.1,Jamison Crowder,359.p.28493,4.7,Marcus Mariota,359.p.28390,5.73,Dwayne Washington,359.p.29470,7.9,Alshon Jeffery,359.p.25755,0.0,Matt Jones,359.p.28483,0.0,New York,359.p.100019,15.5,Cairo Santos,359.p.28227,1.5,Denver,359.p.100007,7.0,,,The Twelve Apostles,Jones,14,
Cam Newton,359.p.24788,10.43,Jarvis Landry,359.p.27591,10.3,Pierre Garcon,359.p.8982,14.4,Latavius Murray,359.p.26804,16.3,Rex Burkhead,359.p.26813,5.6,Jason Witten,359.p.6405,4.6,Brandon LaFell,359.p.24053,3.7,Rishard Matthews,359.p.25937,3.1,Jalen Richard,359.p.30000,2.9,Corey Coleman,359.p.29249,4.2,Marquise Goodwin,359.p.26701,0.0,Christine Michael,359.p.26685,3.6,Dan Bailey,359.p.25427,0.5,Kansas City,359.p.100012,6.0,,,SuperCam That Ho,Lauren,14,
Dak Prescott,359.p.29369,4.6,Davante Adams,359.p.27581,18.4,Tyreek Hill,359.p.29399,19.8,Jonathan Stewart,359.p.8790,12.6,Devonta Freeman,359.p.27631,2.8,Jimmy Graham,359.p.24070,2.1,Malcolm Mitchell,359.p.29346,12.1,Cole Beasley,359.p.26060,6.1,Tyler Boyd,359.p.29288,11.9,Wendell Smallwood,359.p.29387,0.3,A.J. Green,359.p.24791,0.0,Jeremy Maclin,359.p.9283,2.1,Adam Vinatieri,359.p.3727,4.0,Seattle,359.p.100026,1.0,,,Starr is Born,Nick,14,
Derek Carr,359.p.27564,4.2,Willie Snead IV,359.p.28026,11.5,Amari Cooper,359.p.28392,5.4,Spencer Ware,359.p.26817,6.8,Melvin Gordon III,359.p.28403,0.5,Eric Ebron,359.p.27538,5.2,Todd Gurley,359.p.28398,15.8,Tim Hightower,359.p.8926,4.4,Stefon Diggs,359.p.28534,7.0,Dennis Pitta,359.p.24089,3.8,Will Fuller V,359.p.29255,3.2,Houston,359.p.100034,9.0,Matt Prater,359.p.8565,7.0,,,,Tennessee,13.0,The fishingtons,Buddy,14,359.p.100010
Andrew Luck,359.p.25711,14.4,Dez Bryant,359.p.23999,-0.5,Demaryius Thomas,359.p.23997,17.6,Le'Veon Bell,359.p.26671,49.8,Jay Ajayi,359.p.28537,5.8,Kyle Rudolph,359.p.24830,14.0,Sammy Watkins,359.p.27532,13.4,Terrelle Pryor Sr.,359.p.25681,0.8,Kenneth Dixon,359.p.29368,18.1,Derrick Henry,359.p.29279,5.2,Jacquizz Rodgers,359.p.24932,0.0,Pittsburgh,359.p.100023,12.5,Dustin Hopkins,359.p.26800,1.5,Los Angeles,359.p.100024,7.5,,,The Scientist,Kyle,14,
Philip Rivers,359.p.6763,5.87,Brandin Cooks,359.p.27548,8.6,Julio Jones,359.p.24793,0.0,Frank Gore,359.p.7241,14.4,Isaiah Crowell,359.p.28014,12.3,Jordan Reed,359.p.26708,1.5,Kelvin Benjamin,359.p.27556,1.6,Vance McDonald,359.p.26678,0.0,Chris Thompson,359.p.26777,9.8,Ryan Mathews,359.p.23987,6.0,Jameis Winston,359.p.28389,7.73,Sterling Shepard,359.p.29274,5.4,Matt Bryant,359.p.6243,3.0,Philadelphia,359.p.100021,11.0,,,Thug Bungalow,Michael,14,
Andy Dalton,359.p.24822,14.7,Larry Fitzgerald,359.p.6762,2.7,Jermaine Kearse,359.p.25991,1.2,Lamar Miller,359.p.25807,18.7,Carlos Hyde,359.p.27585,26.5,Tyler Eifert,359.p.26644,19.3,Terrance West,359.p.27622,4.6,Michael Thomas,359.p.29281,0.0,Allen Robinson II,359.p.27589,2.2,DuJuan Harris,359.p.25117,0.0,Ryan Tannehill,359.p.25718,14.5,Austin Hooper,359.p.29315,1.0,Nick Novak,359.p.7505,14.5,New Orleans,359.p.100018,10.0,,,Thunder Crotches,Jake,14,
Drew Brees,359.p.5479,2.77,Golden Tate,359.p.24035,8.7,Adam Thielen,359.p.27277,12.1,Jordan Howard,359.p.29384,12.0,DeMarco Murray,359.p.24858,15.2,C.J. Fiedorowicz,359.p.27593,4.7,Bilal Powell,359.p.24913,32.4,Quincy Enunwa,359.p.27737,4.4,Tevin Coleman,359.p.28461,18.5,Vernon Davis,359.p.7755,0.6,Alfred Blue,359.p.27709,5.0,Justin Forsett,359.p.9010,3.0,Nick Folk,359.p.8432,10.0,Atlanta,359.p.100001,29.5,,,Victor Cruisin,Frags,14,
Colin Kaepernick,359.p.24823,10.73,Odell Beckham Jr.,359.p.27540,16.4,Jordy Nelson,359.p.8813,19.1,LeSean McCoy,359.p.9317,19.8,Thomas Rawls,359.p.28714,7.9,Travis Kelce,359.p.26686,12.6,Tyrell Williams,359.p.28691,7.8,Devontae Booker,359.p.29370,2.1,Donte Moncrief,359.p.27618,0.0,Dion Lewis,359.p.24936,2.4,Mike Gillislee,359.p.26787,3.4,Arizona,359.p.100022,11.5,Brandon McManus,359.p.27120,3.5,Detroit,359.p.100008,7.0,,,who invited canada,Peter,14,
Kirk Cousins,359.p.25812,14.4,DeAndre Hopkins,359.p.26650,4.3,Marvin Jones Jr.,359.p.25876,8.7,Rashad Jennings,359.p.9514,6.7,Doug Martin,359.p.25741,15.5,Greg Olsen,359.p.8285,10.7,LeGarrette Blount,359.p.24318,14.4,Cameron Brate,359.p.28267,6.7,Tyrod Taylor,359.p.24967,13.8,DeVante Parker,359.p.28402,2.4,Zach Miller,359.p.9444,0.0,Bobby Rainey,359.p.26455,1.4,Chris Boswell,359.p.28188,7.5,Minnesota,359.p.100016,9.0,,,We're Back,Nate,14,
Tom Brady,359.p.5228,4.17,Mike Evans,359.p.27535,7.9,Dontrelle Inman,359.p.25120,9.3,Ezekiel Elliott,359.p.29238,25.3,Rob Kelley,359.p.29694,13.5,Zach Ertz,359.p.26658,11.0,Kenneth Farrow,359.p.29518,3.3,Steve Smith,359.p.5521,11.0,Delanie Walker,359.p.7924,8.5,Ty Montgomery II,359.p.28482,29.3,Mark Ingram II,359.p.24815,10.2,Kenny Britt,359.p.9294,7.0,Stephen Gostkowski,359.p.7867,8.5,Baltimore,359.p.100033,6.0,,,The Ice Cold Bruschi,Ricky,15,
Aaron Rodgers,359.p.7200,10.3,T.Y. Hilton,359.p.25802,6.0,Jordan Matthews,359.p.27570,5.7,DeAngelo Williams,359.p.7776,0.0,Darren Sproles,359.p.7306,0.0,Ladarius Green,359.p.25820,9.7,Brandon Marshall,359.p.7868,2.1,Theo Riddick,359.p.26822,0.0,Matt Forte,359.p.8821,3.3,Adam Humphries,359.p.29070,11.9,Gary Barnidge,359.p.8907,4.5,Tyler Lockett,359.p.28457,22.5,Justin Tucker,359.p.26534,8.5,Carolina,359.p.100029,10.0,,,Immortal Duffmen,Pat,15,
Russell Wilson,359.p.25785,18.83,Antonio Brown,359.p.24171,7.3,Michael Crabtree,359.p.9274,15.0,James White,359.p.27658,5.0,Benny Cunningham Jr.,359.p.27167,0.0,Julius Thomas,359.p.24916,0.0,Jeremy Hill,359.p.27583,11.6,Terron Ward,359.p.28832,5.2,Emmanuel Sanders,359.p.24057,6.3,Matt Ryan,359.p.8780,17.43,Travis Benjamin,359.p.25810,12.6,Buffalo,359.p.100002,13.5,Graham Gano,359.p.9526,11.0,New England,359.p.100017,20.0,,,Jadeveon's Hit Men,Tim,15,
Carson Palmer,359.p.6337,18.6,Julian Edelman,359.p.9496,10.5,Victor Cruz,359.p.24553,3.4,T.J. Yeldon,359.p.28424,8.7,,,,Jack Doyle,359.p.27299,5.2,Markus Wheaton,359.p.26702,0.0,Shane Vereen,359.p.24843,3.0,Doug Baldwin,359.p.25105,12.0,Allen Hurns,359.p.27874,0.0,Antonio Gates,359.p.6663,1.6,Adrian Peterson,359.p.8261,0.8,Connor Barth,359.p.9219,5.5,New York,359.p.100020,3.0,Matthew Stafford,8.4,John Brown's Army,Eric,15,359.p.9265
Ben Roethlisberger,359.p.6770,12.03,Mike Wallace,359.p.9348,7.0,Randall Cobb,359.p.24851,0.0,David Johnson,359.p.28474,24.8,Duke Johnson,359.p.28465,10.8,Coby Fleener,359.p.25744,2.0,Jamison Crowder,359.p.28493,2.4,Marcus Mariota,359.p.28390,3.83,Dwayne Washington,359.p.29470,5.0,Alshon Jeffery,359.p.25755,17.9,Matt Jones,359.p.28483,0.0,New York,359.p.100019,14.0,Cairo Santos,359.p.28227,4.0,Denver,359.p.100007,5.5,,,The Twelve Apostles,Jones,15,
Cam Newton,359.p.24788,18.0,Jarvis Landry,359.p.27591,18.3,Pierre Garcon,359.p.8982,11.3,Latavius Murray,359.p.26804,6.7,Rex Burkhead,359.p.26813,6.0,Jason Witten,359.p.6405,8.1,Mohamed Sanu,359.p.25793,5.9,Brandon LaFell,359.p.24053,12.6,Rishard Matthews,359.p.25937,10.5,Corey Coleman,359.p.29249,3.9,Marquise Goodwin,359.p.26701,5.8,Christine Michael,359.p.26685,10.5,Dan Bailey,359.p.25427,12.0,Kansas City,359.p.100012,10.0,,,SuperCam That Ho,Lauren,15,
Dak Prescott,359.p.29369,17.3,Davante Adams,359.p.27581,3.5,Tyreek Hill,359.p.29399,11.8,Jonathan Stewart,359.p.8790,13.5,Devonta Freeman,359.p.27631,32.5,Jimmy Graham,359.p.24070,3.6,Malcolm Mitchell,359.p.29346,1.9,Cole Beasley,359.p.26060,6.8,Tyler Boyd,359.p.29288,2.3,Wendell Smallwood,359.p.29387,0.0,A.J. Green,359.p.24791,0.0,Jeremy Maclin,359.p.9283,11.2,Adam Vinatieri,359.p.3727,9.0,Seattle,359.p.100026,15.0,,,Starr is Born,Nick,15,
Derek Carr,359.p.27564,9.6,Willie Snead IV,359.p.28026,11.6,Amari Cooper,359.p.28392,3.3,Spencer Ware,359.p.26817,10.9,Todd Gurley,359.p.28398,4.1,Eric Ebron,359.p.27538,5.6,Stefon Diggs,359.p.28534,2.3,Melvin Gordon III,359.p.28403,0.0,Tim Hightower,359.p.8926,18.3,Dennis Pitta,359.p.24089,2.6,Will Fuller V,359.p.29255,4.9,Tennessee,359.p.100010,6.5,Matt Prater,359.p.8565,6.0,Houston,359.p.100034,10.0,,,The fishingtons,Buddy,15,
Andrew Luck,359.p.25711,17.13,Dez Bryant,359.p.23999,12.2,Demaryius Thomas,359.p.23997,12.6,Le'Veon Bell,359.p.26671,15.6,Jay Ajayi,359.p.28537,4.1,Kyle Rudolph,359.p.24830,13.7,Sammy Watkins,359.p.27532,1.5,Terrelle Pryor Sr.,359.p.25681,3.9,Kenneth Dixon,359.p.29368,9.6,Derrick Henry,359.p.29279,17.8,Martellus Bennett,359.p.8838,4.5,Los Angeles,359.p.100024,10.5,Dustin Hopkins,359.p.26800,8.0,Pittsburgh,359.p.100023,7.0,,,The Scientist,Kyle,15,
Philip Rivers,359.p.6763,12.87,Brandin Cooks,359.p.27548,34.1,Sterling Shepard,359.p.29274,13.6,Frank Gore,359.p.7241,13.5,Isaiah Crowell,359.p.28014,2.8,Jordan Reed,359.p.26708,1.1,Kelvin Benjamin,359.p.27556,3.0,Julio Jones,359.p.24793,0.0,Vance McDonald,359.p.26678,0.0,Chris Thompson,359.p.26777,6.1,Ryan Mathews,359.p.23987,19.8,Jameis Winston,359.p.28389,7.83,Matt Bryant,359.p.6243,9.5,Philadelphia,359.p.100021,10.0,,,Thug Bungalow,Michael,15,
Andy Dalton,359.p.24822,9.33,Larry Fitzgerald,359.p.6762,7.2,Michael Thomas,359.p.29281,14.7,Lamar Miller,359.p.25807,15.9,Carlos Hyde,359.p.27585,6.2,Tyler Eifert,359.p.26644,1.4,DeSean Jackson,359.p.8826,14.6,Terrance West,359.p.27622,14.2,Jermaine Kearse,359.p.25991,0.0,Allen Robinson II,359.p.27589,2.5,Taylor Gabriel,359.p.28234,13.5,Jerick McKinnon,359.p.27624,11.6,Nick Novak,359.p.7505,11.5,New Orleans,359.p.100018,3.0,,,Thunder Crotches,Jake,15,
Drew Brees,359.p.5479,26.77,Golden Tate,359.p.24035,16.2,Adam Thielen,359.p.27277,0.0,Jordan Howard,359.p.29384,19.3,DeMarco Murray,359.p.24858,16.6,C.J. Fiedorowicz,359.p.27593,0.0,Bilal Powell,359.p.24913,21.7,Quincy Enunwa,359.p.27737,8.9,Tevin Coleman,359.p.28461,6.6,Vernon Davis,359.p.7755,4.3,Alfred Blue,359.p.27709,1.0,Justin Forsett,359.p.9010,7.3,Nick Folk,359.p.8432,6.5,Atlanta,359.p.100001,10.0,,,Victor Cruisin,Frags,15,
Colin Kaepernick,359.p.24823,16.2,Odell Beckham Jr.,359.p.27540,16.3,Jordy Nelson,359.p.8813,15.9,LeSean McCoy,359.p.9317,30.4,Thomas Rawls,359.p.28714,4.9,Travis Kelce,359.p.26686,5.6,Tyrell Williams,359.p.28691,4.0,Devontae Booker,359.p.29370,4.3,Donte Moncrief,359.p.27618,0.0,Dion Lewis,359.p.24936,10.4,Mike Gillislee,359.p.26787,9.7,Arizona,359.p.100022,10.5,Brandon McManus,359.p.27120,3.0,Detroit,359.p.100008,6.0,,,who invited canada,Peter,15,
Kirk Cousins,359.p.25812,7.6,Marvin Jones Jr.,359.p.25876,5.6,DeAndre Hopkins,359.p.26650,12.7,Rashad Jennings,359.p.9514,3.8,Doug Martin,359.p.25741,4.2,Greg Olsen,359.p.8285,11.5,LeGarrette Blount,359.p.24318,9.1,DeVante Parker,359.p.28402,2.2,Cameron Brate,359.p.28267,15.8,Tyrod Taylor,359.p.24967,14.7,Bobby Rainey,359.p.26455,0.0,Chris Boswell,359.p.28188,18.0,Kai Forbath,359.p.25648,7.0,Minnesota,359.p.100016,-1.0,,,We're Back,Nate,15,
