QB,QB_player_key,QB_points,WR1,WR1_player_key,WR1_points,WR2,WR2_player_key,WR2_points,RB1,RB1_player_key,RB1_points,RB2,RB2_player_key,RB2_points,TE,TE_player_key,TE_points,W/R/T,W/R/T_player_key,W/R/T_points,BN1,BN1_player_key,BN1_points,BN2,BN2_player_key,BN2_points,BN3,BN3_player_key,BN3_points,BN4,BN4_player_key,BN4_points,BN5,BN5_player_key,BN5_points,K,K_player_key,K_points,DEF,DEF_player_key,DEF_points,BN6,BN6_points,team_name,week,BN6_player_key
Tom Brady,348.p.5228,25.7,Dez Bryant,348.p.23999,7.3,A.J. Green,348.p.24791,8.8,Carlos Hyde,348.p.27585,31.2,Isaiah Crowell,348.p.28014,4.3,Delanie Walker,348.p.7924,11.8,Allen Robinson II,348.p.27589,3.2,Alfred Morris,348.p.25883,12.1,Eli Manning,348.p.6760,7.23,Roddy White,348.p.7203,10.4,Dwayne Allen,348.p.25774,9.2,Steve Johnson,348.p.9001,17.2,Matt Bryant,348.p.6243,13.0,New York,348.p.100020,18.5,,,The Ice Cold Bruschi,1,
Sam Bradford,348.p.23976,11.2,Julio Jones,348.p.24793,30.6,Nelson Agholor,348.p.28408,1.0,Chris Ivory,348.p.24400,22.5,Benny Cunningham Jr.,348.p.27167,14.2,Greg Olsen,348.p.8285,1.6,Melvin Gordon III,348.p.28403,6.2,Tyler Lockett,348.p.28457,11.4,Mike Evans,348.p.27535,0.0,Duke Johnson,348.p.28465,2.2,Christine Michael,348.p.26685,0.0,Denver,348.p.100007,19.5,Brandon McManus,348.p.27120,14.5,Minnesota,348.p.100016,5.5,,,who invited canada,1,
Philip Rivers,348.p.6763,17.27,Calvin Johnson,348.p.8256,4.9,Andre Johnson,348.p.6339,4.4,C.J. Anderson,348.p.26878,6.8,Danny Woodhead,348.p.9560,20.2,Vernon Davis,348.p.7755,6.2,Julian Edelman,348.p.9496,16.1,Todd Gurley,348.p.28398,0.0,Dwayne Bowe,348.p.8277,0.0,David Johnson,348.p.28474,12.0,Doug Martin,348.p.25741,5.9,,,,Mason Crosby,348.p.8447,5.0,Baltimore,348.p.100033,20.0,,,"""Jadeveon's Hit Men""",1,
Tony Romo,348.p.6624,19.77,Jordan Matthews,348.p.27570,15.2,Eric Decker,348.p.24062,10.7,Jeremy Hill,348.p.27583,18.3,Jonathan Stewart,348.p.8790,10.1,Jimmy Graham,348.p.24070,14.1,Darren McFadden,348.p.8781,4.0,Joique Bell,348.p.24262,5.1,Teddy Bridgewater,348.p.27560,7.3,Brian Quick,348.p.25743,0.0,Cameron Artis-Payne,348.p.28562,0.0,James Jones,348.p.8332,19.1,Graham Gano,348.p.9526,7.0,Miami,348.p.100015,11.0,,,The Dirty Diapers,1,
Aaron Rodgers,348.p.7200,21.8,Demaryius Thomas,348.p.23997,9.5,Jeremy Maclin,348.p.9283,7.7,Mark Ingram II,348.p.24815,16.2,Alfred Blue,348.p.27709,5.4,Owen Daniels,348.p.7847,1.5,Steve Smith,348.p.5521,2.3,Vincent Jackson,348.p.7237,7.1,Rueben Randle,348.p.25773,3.8,Antonio Gates,348.p.6663,0.0,Darren Sproles,348.p.7306,16.1,Devonta Freeman,348.p.27631,6.2,Mike Nugent,348.p.7223,7.5,Tampa Bay,348.p.100027,2.5,,,Thug Bungalow,1,
Ben Roethlisberger,348.p.6770,14.7,DeSean Jackson,348.p.8826,0.0,Anquan Boldin,348.p.6390,5.6,Eddie Lacy,348.p.26684,16.9,Latavius Murray,348.p.26804,11.5,Jason Witten,348.p.6405,22.0,Andre Williams,348.p.27641,1.4,Cole Beasley,348.p.26060,4.9,Devin Funchess,348.p.28429,1.4,Percy Harvin,348.p.9286,17.3,Ronnie Hillman,348.p.25777,4.1,Charles Clay,348.p.24961,5.3,Adam Vinatieri,348.p.3727,0.0,Seattle,348.p.100026,16.5,,,"""Lauren's Legit Team""",1,
Drew Brees,348.p.5479,14.13,DeAndre Hopkins,348.p.26650,27.3,Keenan Allen,348.p.26699,24.1,Marshawn Lynch,348.p.8266,13.9,Tevin Coleman,348.p.28461,8.0,Travis Kelce,348.p.26686,25.6,Torrey Smith,348.p.24845,1.6,Doug Baldwin,348.p.25105,7.0,Martavis Bryant,348.p.27646,0.0,Kenny Stills,348.p.26767,1.7,Heath Miller,348.p.7206,12.4,Fred Jackson,348.p.8063,3.4,Dan Bailey,348.p.25427,6.5,Houston,348.p.100034,5.5,,,Thunder Crotches,1,
Peyton Manning,348.p.4256,3.73,Golden Tate,348.p.24035,4.4,Larry Fitzgerald,348.p.6762,11.7,Justin Forsett,348.p.9010,7.6,Shane Vereen,348.p.24843,8.0,Rob Gronkowski,348.p.24017,29.9,Marvin Jones Jr.,348.p.25876,2.9,C.J. Spiller,348.p.23984,0.0,Ryan Mathews,348.p.23987,10.3,Bishop Sankey,348.p.27582,20.6,Austin Seferian-Jenkins,348.p.27566,25.5,Jay Cutler,348.p.7760,12.6,Matt Prater,348.p.8565,2.0,Buffalo,348.p.100002,10.5,,,"""John Brown's Army""",1,
Marcus Mariota,348.p.28390,23.57,Odell Beckham Jr.,348.p.27540,6.9,Davante Adams,348.p.27581,7.9,Matt Forte,348.p.8821,25.1,Andre Ellington,348.p.26810,12.1,Tyler Eifert,348.p.26644,26.9,DeAngelo Williams,348.p.7776,13.7,Tyrod Taylor,348.p.24967,13.6,Arian Foster,348.p.9527,0.0,Charles Johnson,348.p.26839,3.7,Kendall Wright,348.p.25730,18.1,Matt Jones,348.p.28483,2.8,Cody Parkey,348.p.27911,3.5,New England,348.p.100017,7.5,,,The Scientist,1,
Ryan Tannehill,348.p.25718,10.23,Antonio Brown,348.p.24171,23.8,Brandin Cooks,348.p.27548,7.3,Frank Gore,348.p.7241,4.1,T.J. Yeldon,348.p.28424,8.2,Richard Rodgers,348.p.27626,5.3,Eddie Royal,348.p.8819,1.3,Terrance Williams,348.p.26697,8.5,Brandon Coleman,348.p.27921,12.1,Knile Davis,348.p.26719,3.3,Julius Thomas,348.p.24916,0.0,,,,Phil Dawson,348.p.4269,6.0,Green Bay,348.p.100009,5.0,,,The fishingtons,1,
Russell Wilson,348.p.25785,13.47,T.Y. Hilton,348.p.25802,12.3,Amari Cooper,348.p.28392,7.2,Jamaal Charles,348.p.8850,18.8,Giovani Bernard,348.p.26660,11.8,Martellus Bennett,348.p.8838,14.0,Marques Colston,348.p.8001,4.4,Charles Sims,348.p.27597,4.5,LeGarrette Blount,348.p.24318,0.0,Kyle Rudolph,348.p.24830,7.8,Carson Palmer,348.p.6337,23.63,Dorial Green-Beckham,348.p.28428,0.0,Dan Carpenter,348.p.9032,7.5,Los Angeles,348.p.100014,11.5,,,Immortal Duffmen,1,
Andrew Luck,348.p.25711,15.1,Emmanuel Sanders,348.p.24057,10.5,Jarvis Landry,348.p.27591,16.7,DeMarco Murray,348.p.24858,16.0,Joseph Randle,348.p.26774,11.2,Larry Donnell,348.p.25703,3.6,Rashad Jennings,348.p.9514,11.2,Pierre Garcon,348.p.8982,10.4,Matthew Stafford,348.p.9265,12.1,Victor Cruz,348.p.24553,0.0,Reggie Bush,348.p.7751,0.8,Cecil Shorts,348.p.24901,7.7,Justin Tucker,348.p.26534,7.5,Carolina,348.p.100029,25.0,,,Starr is Born,1,
Cam Newton,348.p.24788,11.33,Brandon Marshall,348.p.7868,15.2,Sammy Watkins,348.p.27532,0.0,LeSean McCoy,348.p.9317,10.2,Lamar Miller,348.p.25807,8.0,Zach Ertz,348.p.26658,6.1,John Brown,348.p.27619,12.6,Le'Veon Bell,348.p.26671,0.0,Tre Mason,348.p.27603,0.0,DeVante Parker,348.p.28402,0.0,Joe Flacco,348.p.8795,-0.1,Ladarius Green,348.p.25820,15.9,Stephen Hauschka,348.p.9066,8.0,Arizona,348.p.100022,8.5,,,Victor Cruisin,1,
Matt Ryan,348.p.8780,14.63,Randall Cobb,348.p.24851,12.3,Alshon Jeffery,348.p.25755,10.3,Adrian Peterson,348.p.8261,6.7,Ameer Abdullah,348.p.28442,16.4,Jordan Cameron,348.p.24889,9.3,Mike Wallace,348.p.9348,9.3,David Cobb,348.p.28526,0.0,Colin Kaepernick,348.p.24823,9.6,Michael Floyd,348.p.25723,2.3,Jordan Reed,348.p.26708,15.8,Chris Polk,348.p.26006,3.6,Stephen Gostkowski,348.p.7867,2.0,Philadelphia,348.p.100021,7.0,,,"""Kurtz' Horror""",1,
Tom Brady,348.p.5228,25.13,A.J. Green,348.p.24791,12.0,Allen Robinson II,348.p.27589,30.5,Carlos Hyde,348.p.27585,8.1,Alfred Morris,348.p.25883,8.2,Dwayne Allen,348.p.25774,0.0,Tre Mason,348.p.27603,3.0,Roddy White,348.p.7203,0.0,Eli Manning,348.p.6760,17.03,Steve Johnson,348.p.9001,13.0,Dez Bryant,348.p.23999,0.0,Delanie Walker,348.p.7924,0.0,Matt Bryant,348.p.6243,4.5,New York,348.p.100020,15.0,,,The Ice Cold Bruschi,2,
Sam Bradford,348.p.23976,6.37,Julio Jones,348.p.24793,20.0,Mike Evans,348.p.27535,0.0,Chris Ivory,348.p.24400,7.0,Bishop Sankey,348.p.27582,4.2,Greg Olsen,348.p.8285,10.0,Donte Moncrief,348.p.27618,21.7,Melvin Gordon III,348.p.28403,10.3,Nelson Agholor,348.p.28408,4.6,Tyler Lockett,348.p.28457,2.7,Duke Johnson,348.p.28465,4.3,Christine Michael,348.p.26685,0.0,Brandon McManus,348.p.27120,6.0,Denver,348.p.100007,26.5,,,who invited canada,2,
Philip Rivers,348.p.6763,12.53,Calvin Johnson,348.p.8256,19.3,Andre Johnson,348.p.6339,4.2,C.J. Anderson,348.p.26878,3.4,Danny Woodhead,348.p.9560,13.4,Vernon Davis,348.p.7755,8.7,Julian Edelman,348.p.9496,28.4,Todd Gurley,348.p.28398,0.0,Dwayne Bowe,348.p.8277,0.0,David Johnson,348.p.28474,17.0,Doug Martin,348.p.25741,8.8,,,,Mason Crosby,348.p.8447,11.5,Baltimore,348.p.100033,0.0,,,"""Jadeveon's Hit Men""",2,
Tony Romo,348.p.6624,5.7,Jordan Matthews,348.p.27570,17.0,Eric Decker,348.p.24062,19.7,Jeremy Hill,348.p.27583,0.6,Jonathan Stewart,348.p.8790,6.4,Jimmy Graham,348.p.24070,1.6,James Jones,348.p.8332,9.4,Markus Wheaton,348.p.26702,7.7,Joique Bell,348.p.24262,2.8,Teddy Bridgewater,348.p.27560,17.2,Cameron Artis-Payne,348.p.28562,0.0,Dion Lewis,348.p.24936,20.8,Graham Gano,348.p.9526,3.5,Miami,348.p.100015,2.0,,,The Dirty Diapers,2,
Aaron Rodgers,348.p.7200,19.6,Demaryius Thomas,348.p.23997,15.6,Jeremy Maclin,348.p.9283,7.5,Mark Ingram II,348.p.24815,11.3,Chris Johnson,348.p.8801,7.2,Owen Daniels,348.p.7847,3.4,Steve Smith,348.p.5521,20.0,Alfred Blue,348.p.27709,1.5,Vincent Jackson,348.p.7237,12.9,Rueben Randle,348.p.25773,1.0,Antonio Gates,348.p.6663,0.0,Darren Sproles,348.p.7306,3.9,Mike Nugent,348.p.7223,3.5,Tampa Bay,348.p.100027,14.0,,,Thug Bungalow,2,
Ben Roethlisberger,348.p.6770,26.2,Anquan Boldin,348.p.6390,15.0,Percy Harvin,348.p.9286,6.4,Eddie Lacy,348.p.26684,0.9,Latavius Murray,348.p.26804,16.2,Jason Witten,348.p.6405,9.1,Cole Beasley,348.p.26060,3.4,Andre Williams,348.p.27641,4.3,DeSean Jackson,348.p.8826,0.0,Devin Funchess,348.p.28429,2.0,Ronnie Hillman,348.p.25777,3.4,Charles Clay,348.p.24961,9.4,Adam Vinatieri,348.p.3727,0.5,Seattle,348.p.100026,5.5,,,"""Lauren's Legit Team""",2,
Drew Brees,348.p.5479,8.4,DeAndre Hopkins,348.p.26650,7.8,Keenan Allen,348.p.26699,0.6,Marshawn Lynch,348.p.8266,7.7,Tevin Coleman,348.p.28461,9.2,Travis Kelce,348.p.26686,7.8,Torrey Smith,348.p.24845,22.0,Doug Baldwin,348.p.25105,18.7,Martavis Bryant,348.p.27646,0.0,Kenny Stills,348.p.26767,1.8,Heath Miller,348.p.7206,9.5,Fred Jackson,348.p.8063,6.6,Dan Bailey,348.p.25427,5.0,Houston,348.p.100034,5.5,,,Thunder Crotches,2,
Peyton Manning,348.p.4256,18.53,Golden Tate,348.p.24035,11.0,Larry Fitzgerald,348.p.6762,33.2,Justin Forsett,348.p.9010,10.0,Shane Vereen,348.p.24843,13.5,Rob Gronkowski,348.p.24017,20.8,Austin Seferian-Jenkins,348.p.27566,3.9,Marvin Jones Jr.,348.p.25876,12.1,C.J. Spiller,348.p.23984,3.1,Ryan Mathews,348.p.23987,0.0,Jay Cutler,348.p.7760,7.4,Travis Benjamin,348.p.25810,31.0,Matt Prater,348.p.8565,2.5,Buffalo,348.p.100002,3.0,,,"""John Brown's Army""",2,
Marcus Mariota,348.p.28390,13.47,Odell Beckham Jr.,348.p.27540,24.1,Kendall Wright,348.p.25730,2.7,Matt Forte,348.p.8821,12.5,DeAngelo Williams,348.p.7776,29.2,Tyler Eifert,348.p.26644,12.9,Davante Adams,348.p.27581,5.8,Andre Ellington,348.p.26810,0.0,Tyrod Taylor,348.p.24967,22.37,Arian Foster,348.p.9527,0.0,Charles Johnson,348.p.26839,2.5,Matt Jones,348.p.28483,26.1,Cody Parkey,348.p.27911,3.5,New England,348.p.100017,17.5,,,The Scientist,2,
Ryan Tannehill,348.p.25718,20.67,Antonio Brown,348.p.24171,31.0,Brandin Cooks,348.p.27548,8.3,Frank Gore,348.p.7241,4.6,T.J. Yeldon,348.p.28424,9.8,Jared Cook,348.p.9353,7.2,Terrance Williams,348.p.26697,16.4,Eddie Royal,348.p.8819,7.6,Brandon Coleman,348.p.27921,4.8,Knile Davis,348.p.26719,6.9,Julius Thomas,348.p.24916,0.0,,,,Phil Dawson,348.p.4269,3.5,Green Bay,348.p.100009,11.5,,,The fishingtons,2,
Russell Wilson,348.p.25785,20.67,Amari Cooper,348.p.28392,20.4,Marques Colston,348.p.8001,8.9,Jamaal Charles,348.p.8850,16.7,Giovani Bernard,348.p.26660,15.4,Martellus Bennett,348.p.8838,6.8,LeGarrette Blount,348.p.24318,0.4,T.Y. Hilton,348.p.25802,6.5,Charles Sims,348.p.27597,6.7,Kyle Rudolph,348.p.24830,11.5,Carson Palmer,348.p.6337,19.97,Dorial Green-Beckham,348.p.28428,7.8,Dan Carpenter,348.p.9032,1.0,Los Angeles,348.p.100014,7.5,,,Immortal Duffmen,2,
Andrew Luck,348.p.25711,6.73,Emmanuel Sanders,348.p.24057,24.7,Jarvis Landry,348.p.27591,15.6,DeMarco Murray,348.p.24858,8.0,Joseph Randle,348.p.26774,7.0,Larry Donnell,348.p.25703,10.8,Rashad Jennings,348.p.9514,3.4,Pierre Garcon,348.p.8982,11.3,Matthew Stafford,348.p.9265,17.53,Victor Cruz,348.p.24553,0.0,Cecil Shorts,348.p.24901,6.4,Lance Dunbar,348.p.26064,6.8,Justin Tucker,348.p.26534,11.5,Carolina,348.p.100029,6.5,,,Starr is Born,2,
Cam Newton,348.p.24788,26.1,Brandon Marshall,348.p.7868,19.6,Sammy Watkins,348.p.27532,15.0,LeSean McCoy,348.p.9317,13.1,Lamar Miller,348.p.25807,6.7,Ladarius Green,348.p.25820,7.2,John Brown,348.p.27619,7.0,Zach Ertz,348.p.26658,3.2,Le'Veon Bell,348.p.26671,0.0,DeVante Parker,348.p.28402,0.8,Joe Flacco,348.p.8795,19.0,Tavon Austin,348.p.26631,5.1,Stephen Hauschka,348.p.9066,5.0,Arizona,348.p.100022,15.5,,,Victor Cruisin,2,
Matt Ryan,348.p.8780,16.0,Randall Cobb,348.p.24851,15.6,Rashad Greene,348.p.28527,1.7,Adrian Peterson,348.p.8261,17.2,Ameer Abdullah,348.p.28442,2.3,Jordan Cameron,348.p.24889,7.7,Mike Wallace,348.p.9348,5.3,Alshon Jeffery,348.p.25755,0.0,Colin Kaepernick,348.p.24823,22.27,Michael Floyd,348.p.25723,0.0,Jordan Reed,348.p.26708,11.2,Chris Polk,348.p.26006,5.7,Stephen Gostkowski,348.p.7867,13.0,Philadelphia,348.p.100021,12.0,,,"""Kurtz' Horror""",2,
Tom Brady,348.p.5228,20.33,A.J. Green,348.p.24791,39.7,Allen Robinson II,348.p.27589,8.8,Isaiah Crowell,348.p.28014,3.6,Carlos Hyde,348.p.27585,6.6,Delanie Walker,348.p.7924,10.3,Alfred Morris,348.p.25883,1.9,Devonta Freeman,348.p.27631,39.8,Steve Johnson,348.p.9001,6.1,Roddy White,348.p.7203,0.0,Eli Manning,348.p.6760,17.3,Dez Bryant,348.p.23999,0.0,Matt Bryant,348.p.6243,5.0,New York,348.p.100020,5.0,,,The Ice Cold Bruschi,3,
Blake Bortles,348.p.27531,13.77,Julio Jones,348.p.24793,34.4,Mike Evans,348.p.27535,13.6,Melvin Gordon III,348.p.28403,5.1,Bilal Powell,348.p.24913,11.0,Greg Olsen,348.p.8285,29.4,Donte Moncrief,348.p.27618,11.2,Chris Ivory,348.p.24400,0.0,Bishop Sankey,348.p.27582,5.1,Nelson Agholor,348.p.28408,0.0,Duke Johnson,348.p.28465,6.5,Rishard Matthews,348.p.25937,26.3,Brandon McManus,348.p.27120,4.5,Denver,348.p.100007,17.0,,,who invited canada,3,
Philip Rivers,348.p.6763,8.2,Calvin Johnson,348.p.8256,11.7,Andre Johnson,348.p.6339,0.0,C.J. Anderson,348.p.26878,3.2,Danny Woodhead,348.p.9560,5.8,Vernon Davis,348.p.7755,0.0,Julian Edelman,348.p.9496,12.5,Todd Gurley,348.p.28398,1.9,Dwayne Bowe,348.p.8277,0.0,David Johnson,348.p.28474,5.6,Doug Martin,348.p.25741,4.6,,,,Mason Crosby,348.p.8447,5.5,Baltimore,348.p.100033,12.5,,,"""Jadeveon's Hit Men""",3,
Andy Dalton,348.p.24822,27.77,Jordan Matthews,348.p.27570,7.9,James Jones,348.p.8332,23.4,Jeremy Hill,348.p.27583,2.1,Jonathan Stewart,348.p.8790,5.2,Jimmy Graham,348.p.24070,17.8,Dion Lewis,348.p.24936,15.2,Eric Decker,348.p.24062,0.0,Teddy Bridgewater,348.p.27560,1.93,Michael Crabtree,348.p.9274,5.6,Eric Ebron,348.p.27538,8.1,Karlos Williams,348.p.28543,17.0,Graham Gano,348.p.9526,6.5,Miami,348.p.100015,0.5,,,The Dirty Diapers,3,
Aaron Rodgers,348.p.7200,32.7,Demaryius Thomas,348.p.23997,17.7,Jeremy Maclin,348.p.9283,24.1,Mark Ingram II,348.p.24815,18.4,Chris Johnson,348.p.8801,27.5,Crockett Gillmore,348.p.27627,5.5,Steve Smith,348.p.5521,37.1,Owen Daniels,348.p.7847,11.3,Vincent Jackson,348.p.7237,5.0,Rueben Randle,348.p.25773,21.1,Antonio Gates,348.p.6663,0.0,Darren Sproles,348.p.7306,17.6,Andrew Franks,348.p.28907,0.0,Cleveland,348.p.100005,2.5,,,Thug Bungalow,3,
Ben Roethlisberger,348.p.6770,4.4,Anquan Boldin,348.p.6390,2.6,Percy Harvin,348.p.9286,11.7,Latavius Murray,348.p.26804,21.4,Eddie Lacy,348.p.26684,10.2,Charles Clay,348.p.24961,16.7,Cole Beasley,348.p.26060,6.9,Ronnie Hillman,348.p.25777,8.1,Jason Witten,348.p.6405,9.5,Andre Williams,348.p.27641,8.9,DeSean Jackson,348.p.8826,0.0,Devin Funchess,348.p.28429,1.9,Adam Vinatieri,348.p.3727,2.5,Seattle,348.p.100026,14.0,,,"""Lauren's Legit Team""",3,
Nick Foles,348.p.25798,5.57,DeAndre Hopkins,348.p.26650,20.1,Keenan Allen,348.p.26699,31.3,Marshawn Lynch,348.p.8266,2.8,Tre Mason,348.p.27603,3.6,Travis Kelce,348.p.26686,12.0,Doug Baldwin,348.p.25105,5.0,Tevin Coleman,348.p.28461,0.0,Drew Brees,348.p.5479,0.0,Torrey Smith,348.p.24845,0.0,Martavis Bryant,348.p.27646,0.0,Heath Miller,348.p.7206,2.7,Dan Bailey,348.p.25427,2.0,Houston,348.p.100034,7.5,,,Thunder Crotches,3,
Peyton Manning,348.p.4256,16.7,Golden Tate,348.p.24035,8.2,Larry Fitzgerald,348.p.6762,29.9,Justin Forsett,348.p.9010,4.9,Shane Vereen,348.p.24843,2.3,Rob Gronkowski,348.p.24017,12.1,Travis Benjamin,348.p.25810,10.5,Austin Seferian-Jenkins,348.p.27566,0.0,Marvin Jones Jr.,348.p.25876,17.9,C.J. Spiller,348.p.23984,3.6,Ryan Mathews,348.p.23987,17.8,Jay Cutler,348.p.7760,0.0,Matt Prater,348.p.8565,0.0,Buffalo,348.p.100002,18.0,,,"""John Brown's Army""",3,
Marcus Mariota,348.p.28390,16.23,Odell Beckham Jr.,348.p.27540,17.4,Kendall Wright,348.p.25730,20.3,Matt Forte,348.p.8821,7.4,Matt Jones,348.p.28483,1.8,Tyler Eifert,348.p.26644,0.0,Davante Adams,348.p.27581,0.0,DeAngelo Williams,348.p.7776,0.2,Andre Ellington,348.p.26810,0.0,Tyrod Taylor,348.p.24967,22.43,Arian Foster,348.p.9527,0.0,Charles Johnson,348.p.26839,1.4,Cody Parkey,348.p.27911,4.5,New England,348.p.100017,7.0,,,The Scientist,3,
Ryan Tannehill,348.p.25718,11.8,Antonio Brown,348.p.24171,16.3,Brandin Cooks,348.p.27548,11.4,Frank Gore,348.p.7241,21.9,T.J. Yeldon,348.p.28424,5.2,Jared Cook,348.p.9353,1.2,Terrance Williams,348.p.26697,0.0,Eddie Royal,348.p.8819,3.2,Brandon Coleman,348.p.27921,1.4,Knile Davis,348.p.26719,0.0,Julius Thomas,348.p.24916,0.0,Leonard Hankerson,348.p.24866,6.0,Phil Dawson,348.p.4269,0.5,Green Bay,348.p.100009,12.5,,,The fishingtons,3,
Russell Wilson,348.p.25785,14.63,Amari Cooper,348.p.28392,15.4,Marques Colston,348.p.8001,6.7,Jamaal Charles,348.p.8850,28.7,Giovani Bernard,348.p.26660,9.8,Martellus Bennett,348.p.8838,3.5,Kyle Rudolph,348.p.24830,2.4,LeGarrette Blount,348.p.24318,27.7,T.Y. Hilton,348.p.25802,11.4,Charles Sims,348.p.27597,12.2,Carson Palmer,348.p.6337,15.47,Dorial Green-Beckham,348.p.28428,9.2,Dan Carpenter,348.p.9032,8.5,Los Angeles,348.p.100014,15.0,,,Immortal Duffmen,3,
Andrew Luck,348.p.25711,13.77,Emmanuel Sanders,348.p.24057,11.7,Jarvis Landry,348.p.27591,11.6,Joseph Randle,348.p.26774,29.5,James Starks,348.p.24169,5.6,Larry Donnell,348.p.25703,4.7,Pierre Garcon,348.p.8982,8.9,DeMarco Murray,348.p.24858,0.0,Rashad Jennings,348.p.9514,7.2,Matthew Stafford,348.p.9265,7.2,Cecil Shorts,348.p.24901,8.8,Lance Dunbar,348.p.26064,15.5,Justin Tucker,348.p.26534,3.5,Carolina,348.p.100029,6.0,,,Starr is Born,3,
Cam Newton,348.p.24788,27.8,Brandon Marshall,348.p.7868,18.9,Sammy Watkins,348.p.27532,4.4,LeSean McCoy,348.p.9317,9.1,Le'Veon Bell,348.p.26671,22.7,Zach Ertz,348.p.26658,4.0,John Brown,348.p.27619,7.7,Lamar Miller,348.p.25807,8.0,Ladarius Green,348.p.25820,0.0,DeVante Parker,348.p.28402,6.1,Joe Flacco,348.p.8795,18.07,Tavon Austin,348.p.26631,6.3,Stephen Hauschka,348.p.9066,12.0,Arizona,348.p.100022,32.0,,,Victor Cruisin,3,
Matt Ryan,348.p.8780,20.2,Randall Cobb,348.p.24851,31.8,Darrius Heyward-Bey,348.p.9271,3.4,Adrian Peterson,348.p.8261,24.6,Ameer Abdullah,348.p.28442,11.2,Jordan Cameron,348.p.24889,3.1,Mike Wallace,348.p.9348,6.4,Alshon Jeffery,348.p.25755,0.0,Colin Kaepernick,348.p.24823,4.83,Michael Floyd,348.p.25723,1.7,Jordan Reed,348.p.26708,12.6,Richard Rodgers,348.p.27626,2.5,Stephen Gostkowski,348.p.7867,11.0,Philadelphia,348.p.100021,12.5,,,"""Kurtz' Horror""",3,
Eli Manning,348.p.6760,15.87,A.J. Green,348.p.24791,11.7,Steve Johnson,348.p.9001,5.2,Carlos Hyde,348.p.27585,2.7,Devonta Freeman,348.p.27631,35.4,Coby Fleener,348.p.25744,18.8,Allen Robinson II,348.p.27589,10.0,Isaiah Crowell,348.p.28014,14.0,Delanie Walker,348.p.7924,0.0,Tom Brady,348.p.5228,0.0,Alfred Morris,348.p.25883,7.5,Dez Bryant,348.p.23999,0.0,Matt Bryant,348.p.6243,3.0,New York,348.p.100020,11.0,,,The Ice Cold Bruschi,4,
Derek Carr,348.p.27564,10.53,Julio Jones,348.p.24793,5.8,Mike Evans,348.p.27535,4.7,Melvin Gordon III,348.p.28403,5.6,Chris Ivory,348.p.24400,22.6,Greg Olsen,348.p.8285,3.8,Donte Moncrief,348.p.27618,10.5,Duke Johnson,348.p.28465,22.1,Rishard Matthews,348.p.25937,2.1,Antonio Andrews,348.p.27946,0.0,Christine Michael,348.p.26685,-0.1,,,,Brandon McManus,348.p.27120,10.0,Denver,348.p.100007,15.5,,,who invited canada,4,
Philip Rivers,348.p.6763,23.83,Calvin Johnson,348.p.8256,7.1,Andre Johnson,348.p.6339,0.0,C.J. Anderson,348.p.26878,7.5,Danny Woodhead,348.p.9560,15.8,Benjamin Watson,348.p.6791,4.5,Todd Gurley,348.p.28398,16.1,Vernon Davis,348.p.7755,0.0,Doug Martin,348.p.25741,22.8,David Johnson,348.p.28474,14.1,Julian Edelman,348.p.9496,0.0,Dwayne Bowe,348.p.8277,0.0,Mason Crosby,348.p.8447,4.0,Baltimore,348.p.100033,11.0,,,"""Jadeveon's Hit Men""",4,
Andy Dalton,348.p.24822,16.3,Jordan Matthews,348.p.27570,6.5,James Jones,348.p.8332,12.3,Jonathan Stewart,348.p.8790,4.0,Karlos Williams,348.p.28543,14.5,Jimmy Graham,348.p.24070,4.9,Jeremy Hill,348.p.27583,23.0,Michael Crabtree,348.p.9274,10.5,Dion Lewis,348.p.24936,0.0,Eric Decker,348.p.24062,12.6,Eric Ebron,348.p.27538,3.2,Sam Bradford,348.p.23976,22.4,Graham Gano,348.p.9526,8.0,Indianapolis,348.p.100011,7.5,,,The Dirty Diapers,4,
Aaron Rodgers,348.p.7200,14.77,Demaryius Thomas,348.p.23997,13.8,Steve Smith,348.p.5521,4.4,Mark Ingram II,348.p.24815,15.8,Chris Johnson,348.p.8801,10.9,Owen Daniels,348.p.7847,7.9,Jeremy Maclin,348.p.9283,20.3,Crockett Gillmore,348.p.27627,0.0,Vincent Jackson,348.p.7237,25.7,Rueben Randle,348.p.25773,10.6,Antonio Gates,348.p.6663,0.0,Darren Sproles,348.p.7306,1.7,Andrew Franks,348.p.28907,1.0,Cleveland,348.p.100005,3.5,,,Thug Bungalow,4,
Michael Vick,348.p.5448,10.43,Anquan Boldin,348.p.6390,2.7,Percy Harvin,348.p.9286,4.1,Latavius Murray,348.p.26804,7.6,Eddie Lacy,348.p.26684,9.8,Charles Clay,348.p.24961,15.6,Jason Witten,348.p.6405,7.7,Ben Roethlisberger,348.p.6770,0.0,Ronnie Hillman,348.p.25777,17.3,Andre Williams,348.p.27641,4.5,DeSean Jackson,348.p.8826,0.0,Ted Ginn Jr.,348.p.8263,14.8,Adam Vinatieri,348.p.3727,9.5,Seattle,348.p.100026,10.0,,,"""Lauren's Legit Team""",4,
Drew Brees,348.p.5479,19.97,DeAndre Hopkins,348.p.26650,20.2,Keenan Allen,348.p.26699,15.2,Tre Mason,348.p.27603,-0.1,Alfred Blue,348.p.27709,1.7,Travis Kelce,348.p.26686,5.4,Doug Baldwin,348.p.25105,11.1,Marshawn Lynch,348.p.8266,0.0,Victor Cruz,348.p.24553,0.0,Tevin Coleman,348.p.28461,0.0,Martavis Bryant,348.p.27646,0.0,Heath Miller,348.p.7206,0.6,Nick Novak,348.p.7505,1.5,Houston,348.p.100034,1.5,,,Thunder Crotches,4,
Peyton Manning,348.p.4256,6.9,Golden Tate,348.p.24035,5.0,Larry Fitzgerald,348.p.6762,11.4,Justin Forsett,348.p.9010,15.0,Shane Vereen,348.p.24843,2.1,Maxx Williams,348.p.28443,2.7,Travis Benjamin,348.p.25810,10.9,Rob Gronkowski,348.p.24017,0.0,Austin Seferian-Jenkins,348.p.27566,0.0,Marvin Jones Jr.,348.p.25876,1.5,C.J. Spiller,348.p.23984,19.4,Ryan Mathews,348.p.23987,0.0,Matt Prater,348.p.8565,3.5,Buffalo,348.p.100002,6.0,,,"""John Brown's Army""",4,
Tyrod Taylor,348.p.24967,12.63,Odell Beckham Jr.,348.p.27540,6.3,Allen Hurns,348.p.27874,22.1,Matt Forte,348.p.8821,15.5,Arian Foster,348.p.9527,3.0,Tyler Eifert,348.p.26644,8.4,Matt Jones,348.p.28483,1.1,Marcus Mariota,348.p.28390,0.0,Andre Ellington,348.p.26810,0.0,Davante Adams,348.p.27581,0.0,Kendall Wright,348.p.25730,0.0,New England,348.p.100017,0.0,Greg Zuerlein,348.p.25881,4.5,Cincinnati,348.p.100004,11.0,,,The Scientist,4,
Ryan Tannehill,348.p.25718,10.0,Antonio Brown,348.p.24171,5.7,Brandin Cooks,348.p.27548,4.5,Frank Gore,348.p.7241,9.2,T.J. Yeldon,348.p.28424,11.9,Jared Cook,348.p.9353,3.7,Terrance Williams,348.p.26697,12.4,Eddie Royal,348.p.8819,14.9,Brandon Coleman,348.p.27921,3.5,Knile Davis,348.p.26719,0.0,Julius Thomas,348.p.24916,0.0,Leonard Hankerson,348.p.24866,19.3,Josh Brown,348.p.6558,3.5,Green Bay,348.p.100009,18.5,,,The fishingtons,4,
Russell Wilson,348.p.25785,12.57,Amari Cooper,348.p.28392,12.9,Marques Colston,348.p.8001,3.9,Jamaal Charles,348.p.8850,17.5,Giovani Bernard,348.p.26660,12.2,Martellus Bennett,348.p.8838,18.8,T.Y. Hilton,348.p.25802,10.2,Kyle Rudolph,348.p.24830,1.7,LeGarrette Blount,348.p.24318,0.0,Charles Sims,348.p.27597,12.8,Carson Palmer,348.p.6337,12.63,Dorial Green-Beckham,348.p.28428,0.0,Dan Carpenter,348.p.9032,4.5,Los Angeles,348.p.100014,14.5,,,Immortal Duffmen,4,
Andrew Luck,348.p.25711,0.0,Emmanuel Sanders,348.p.24057,8.3,Jarvis Landry,348.p.27591,8.9,Joseph Randle,348.p.26774,8.6,Rashad Jennings,348.p.9514,16.2,Larry Donnell,348.p.25703,6.3,Pierre Garcon,348.p.8982,15.0,DeMarco Murray,348.p.24858,5.8,James Starks,348.p.24169,4.9,Matthew Stafford,348.p.9265,6.77,Cecil Shorts,348.p.24901,15.7,Lance Dunbar,348.p.26064,5.4,Justin Tucker,348.p.26534,11.0,Carolina,348.p.100029,19.5,,,Starr is Born,4,
Cam Newton,348.p.24788,15.23,Brandon Marshall,348.p.7868,16.3,John Brown,348.p.27619,12.3,Le'Veon Bell,348.p.26671,24.5,Lamar Miller,348.p.25807,4.1,Zach Ertz,348.p.26658,2.1,Tavon Austin,348.p.26631,26.6,Sammy Watkins,348.p.27532,0.0,LeSean McCoy,348.p.9317,0.0,Ladarius Green,348.p.25820,13.3,DeVante Parker,348.p.28402,0.0,Joe Flacco,348.p.8795,4.3,Stephen Hauschka,348.p.9066,8.5,Arizona,348.p.100022,5.0,,,Victor Cruisin,4,
Matt Ryan,348.p.8780,12.43,Randall Cobb,348.p.24851,6.9,Darrius Heyward-Bey,348.p.9271,11.1,Adrian Peterson,348.p.8261,17.4,Ameer Abdullah,348.p.28442,5.4,Jordan Reed,348.p.26708,4.2,Mike Wallace,348.p.9348,18.3,Jordan Cameron,348.p.24889,2.9,Alshon Jeffery,348.p.25755,0.0,Colin Kaepernick,348.p.24823,8.03,Michael Floyd,348.p.25723,8.4,Stephen Gostkowski,348.p.7867,0.0,Dan Bailey,348.p.25427,7.0,Philadelphia,348.p.100021,3.5,,,"""Kurtz' Horror""",4,
Tom Brady,348.p.5228,22.47,A.J. Green,348.p.24791,10.8,Allen Robinson II,348.p.27589,22.7,Devonta Freeman,348.p.27631,28.2,Alfred Morris,348.p.25883,1.5,Delanie Walker,348.p.7924,5.6,Carlos Hyde,348.p.27585,16.2,Ronnie Hillman,348.p.25777,3.1,Steve Johnson,348.p.9001,0.0,Isaiah Crowell,348.p.28014,15.7,Dez Bryant,348.p.23999,0.0,New York,348.p.100020,0.0,Matt Bryant,348.p.6243,5.5,Cincinnati,348.p.100004,9.5,,,The Ice Cold Bruschi,5,
Josh McCown,348.p.5967,31.43,Julio Jones,348.p.24793,8.2,Mike Evans,348.p.27535,5.6,Duke Johnson,348.p.28465,10.7,Melvin Gordon III,348.p.28403,10.9,Derek Carrier,348.p.26416,9.7,Donte Moncrief,348.p.27618,0.8,Derek Carr,348.p.27564,8.2,Greg Olsen,348.p.8285,0.0,Chris Ivory,348.p.24400,0.0,Rishard Matthews,348.p.25937,0.0,Antonio Andrews,348.p.27946,12.9,Brandon McManus,348.p.27120,8.5,Denver,348.p.100007,23.0,,,who invited canada,5,
Philip Rivers,348.p.6763,18.17,Calvin Johnson,348.p.8256,9.2,Julian Edelman,348.p.9496,20.0,C.J. Anderson,348.p.26878,5.0,Danny Woodhead,348.p.9560,10.1,Benjamin Watson,348.p.6791,11.1,Todd Gurley,348.p.28398,15.9,Andre Johnson,348.p.6339,22.7,Vernon Davis,348.p.7755,0.0,Doug Martin,348.p.25741,35.3,David Johnson,348.p.28474,12.6,Dwayne Bowe,348.p.8277,0.0,Mason Crosby,348.p.8447,4.5,Baltimore,348.p.100033,7.0,,,"""Jadeveon's Hit Men""",5,
Sam Bradford,348.p.23976,15.4,Jordan Matthews,348.p.27570,6.9,James Jones,348.p.8332,14.7,Dion Lewis,348.p.24936,19.3,Jeremy Hill,348.p.27583,3.0,Jimmy Graham,348.p.24070,4.5,Michael Crabtree,348.p.9274,7.4,Andy Dalton,348.p.24822,24.83,Karlos Williams,348.p.28543,0.0,Jonathan Stewart,348.p.8790,0.0,Eric Decker,348.p.24062,0.0,Richard Rodgers,348.p.27626,7.5,Chandler Catanzaro,348.p.28103,3.0,Jacksonville,348.p.100030,4.5,,,The Dirty Diapers,5,
Aaron Rodgers,348.p.7200,13.93,Demaryius Thomas,348.p.23997,8.0,Jeremy Maclin,348.p.9283,12.5,Mark Ingram II,348.p.24815,8.4,Chris Johnson,348.p.8801,10.3,Antonio Gates,348.p.6663,25.7,Vincent Jackson,348.p.7237,2.9,Owen Daniels,348.p.7847,0.0,Steve Smith,348.p.5521,0.0,Rueben Randle,348.p.25773,6.7,Darren Sproles,348.p.7306,4.2,Willie Snead IV,348.p.28026,17.1,Connor Barth,348.p.9219,10.5,Tampa Bay,348.p.100027,18.5,,,Thug Bungalow,5,
Eli Manning,348.p.6760,25.8,Anquan Boldin,348.p.6390,20.7,Percy Harvin,348.p.9286,-0.1,Eddie Lacy,348.p.26684,4.0,Latavius Murray,348.p.26804,7.2,Charles Clay,348.p.24961,1.2,Jason Witten,348.p.6405,3.8,Darren McFadden,348.p.8781,12.3,Michael Vick,348.p.5448,11.17,Ben Roethlisberger,348.p.6770,0.0,DeSean Jackson,348.p.8826,0.0,Ted Ginn Jr.,348.p.8263,0.0,Adam Vinatieri,348.p.3727,7.5,Seattle,348.p.100026,17.5,,,"""Lauren's Legit Team""",5,
Drew Brees,348.p.5479,13.07,DeAndre Hopkins,348.p.26650,22.4,Keenan Allen,348.p.26699,8.7,Tevin Coleman,348.p.28461,0.3,Thomas Rawls,348.p.28714,22.9,Travis Kelce,348.p.26686,5.0,Doug Baldwin,348.p.25105,8.5,Martavis Bryant,348.p.27646,0.0,Marshawn Lynch,348.p.8266,0.0,Alfred Blue,348.p.27709,3.8,Victor Cruz,348.p.24553,0.0,Heath Miller,348.p.7206,6.1,Cairo Santos,348.p.28227,4.0,Houston,348.p.100034,1.0,,,Thunder Crotches,5,
Peyton Manning,348.p.4256,4.87,Golden Tate,348.p.24035,10.2,Larry Fitzgerald,348.p.6762,14.3,Justin Forsett,348.p.9010,25.0,C.J. Spiller,348.p.23984,1.7,Rob Gronkowski,348.p.24017,8.7,Travis Benjamin,348.p.25810,11.3,Shane Vereen,348.p.24843,21.0,Austin Seferian-Jenkins,348.p.27566,0.0,Marvin Jones Jr.,348.p.25876,8.6,Ryan Mathews,348.p.23987,17.1,Nick Foles,348.p.25798,-0.1,Matt Prater,348.p.8565,4.0,Buffalo,348.p.100002,10.5,,,"""John Brown's Army""",5,
Marcus Mariota,348.p.28390,8.93,Odell Beckham Jr.,348.p.27540,21.9,Kendall Wright,348.p.25730,4.5,Matt Forte,348.p.8821,19.4,Arian Foster,348.p.9527,16.3,Tyler Eifert,348.p.26644,25.0,Allen Hurns,348.p.27874,20.1,Matt Jones,348.p.28483,10.2,Tyrod Taylor,348.p.24967,22.13,Andre Ellington,348.p.26810,12.3,Davante Adams,348.p.27581,0.0,Nelson Agholor,348.p.28408,1.0,Greg Zuerlein,348.p.25881,3.5,New England,348.p.100017,16.5,,,The Scientist,5,
Blake Bortles,348.p.27531,26.2,Antonio Brown,348.p.24171,6.0,Leonard Hankerson,348.p.24866,1.8,Frank Gore,348.p.7241,15.8,T.J. Yeldon,348.p.28424,14.8,Julius Thomas,348.p.24916,3.0,Brandin Cooks,348.p.27548,19.2,Gary Barnidge,348.p.8907,23.9,Terrance Williams,348.p.26697,4.0,Ryan Tannehill,348.p.25718,0.0,Eddie Royal,348.p.8819,0.0,,,,Josh Brown,348.p.6558,8.5,Green Bay,348.p.100009,22.5,,,The fishingtons,5,
Russell Wilson,348.p.25785,11.2,Amari Cooper,348.p.28392,6.9,Marques Colston,348.p.8001,5.1,Jamaal Charles,348.p.8850,8.9,Giovani Bernard,348.p.26660,12.6,Martellus Bennett,348.p.8838,5.2,T.Y. Hilton,348.p.25802,11.3,Kyle Rudolph,348.p.24830,0.0,LeGarrette Blount,348.p.24318,7.4,Charles Sims,348.p.27597,15.6,Carson Palmer,348.p.6337,17.27,Dorial Green-Beckham,348.p.28428,0.0,Dan Carpenter,348.p.9032,1.0,Los Angeles,348.p.100014,10.5,,,Immortal Duffmen,5,
Matthew Stafford,348.p.9265,4.47,Emmanuel Sanders,348.p.24057,15.6,Pierre Garcon,348.p.8982,6.6,Joseph Randle,348.p.26774,9.3,Rashad Jennings,348.p.9514,8.7,Larry Donnell,348.p.25703,12.5,DeMarco Murray,348.p.24858,21.5,Andrew Luck,348.p.25711,0.0,Jarvis Landry,348.p.27591,0.0,James Starks,348.p.24169,6.1,Cecil Shorts,348.p.24901,0.0,Carolina,348.p.100029,0.0,Justin Tucker,348.p.26534,3.5,New York,348.p.100019,5.0,,,Starr is Born,5,
Alex Smith,348.p.7177,12.13,John Brown,348.p.27619,15.3,Kamar Aiken,348.p.25379,9.8,Le'Veon Bell,348.p.26671,20.7,Dan Herron,348.p.25901,1.8,Zach Ertz,348.p.26658,8.5,Jamison Crowder,348.p.28493,11.7,Lamar Miller,348.p.25807,0.0,Brandon Marshall,348.p.7868,0.0,Cam Newton,348.p.24788,0.0,Sammy Watkins,348.p.27532,0.0,LeSean McCoy,348.p.9317,0.0,Stephen Hauschka,348.p.9066,3.5,Arizona,348.p.100022,18.5,,,Victor Cruisin,5,
Matt Ryan,348.p.8780,4.47,Randall Cobb,348.p.24851,3.8,Darrius Heyward-Bey,348.p.9271,3.4,Ameer Abdullah,348.p.28442,0.0,Anthony Dixon,348.p.24149,5.4,Jordan Reed,348.p.26708,0.0,Alshon Jeffery,348.p.25755,0.0,Adrian Peterson,348.p.8261,0.0,Mike Wallace,348.p.9348,0.0,Jordan Cameron,348.p.24889,0.0,Colin Kaepernick,348.p.24823,17.03,Michael Floyd,348.p.25723,2.0,Stephen Gostkowski,348.p.7867,11.5,Philadelphia,348.p.100021,18.5,,,"""Kurtz' Horror""",5,
Tom Brady,348.p.5228,20.4,A.J. Green,348.p.24791,5.6,Allen Robinson II,348.p.27589,17.6,Devonta Freeman,348.p.27631,31.6,Carlos Hyde,348.p.27585,7.0,Delanie Walker,348.p.7924,13.7,Ronnie Hillman,348.p.25777,13.0,Steve Johnson,348.p.9001,0.0,Isaiah Crowell,348.p.28014,5.1,Dez Bryant,348.p.23999,0.0,Tony Romo,348.p.6624,0.0,Cincinnati,348.p.100004,5.5,Matt Bryant,348.p.6243,1.5,New York,348.p.100020,8.0,,,The Ice Cold Bruschi,6,
Jay Cutler,348.p.7760,15.97,Julio Jones,348.p.24793,12.3,Donte Moncrief,348.p.27618,15.9,Melvin Gordon III,348.p.28403,-0.1,Chris Ivory,348.p.24400,27.1,Greg Olsen,348.p.8285,22.6,Duke Johnson,348.p.28465,7.1,Mike Evans,348.p.27535,0.0,Derek Carr,348.p.27564,0.0,Rishard Matthews,348.p.25937,11.5,Ahmad Bradshaw,348.p.8504,2.1,Javorius Allen,348.p.28513,2.6,Brandon McManus,348.p.27120,11.0,Denver,348.p.100007,21.0,,,who invited canada,6,
Philip Rivers,348.p.6763,24.77,Calvin Johnson,348.p.8256,25.6,Julian Edelman,348.p.9496,14.2,C.J. Anderson,348.p.26878,8.6,Danny Woodhead,348.p.9560,9.6,Benjamin Watson,348.p.6791,23.7,Andre Johnson,348.p.6339,5.0,Todd Gurley,348.p.28398,0.0,Vernon Davis,348.p.7755,0.0,Doug Martin,348.p.25741,0.0,David Johnson,348.p.28474,2.2,Dwayne Bowe,348.p.8277,0.0,Mason Crosby,348.p.8447,5.5,Baltimore,348.p.100033,5.0,,,"""Jadeveon's Hit Men""",6,
Andy Dalton,348.p.24822,18.9,Jordan Matthews,348.p.27570,6.9,James Jones,348.p.8332,10.0,Dion Lewis,348.p.24936,5.4,Jonathan Stewart,348.p.8790,21.1,Jimmy Graham,348.p.24070,18.0,Eric Decker,348.p.24062,11.9,Jeremy Hill,348.p.27583,13.4,Michael Crabtree,348.p.9274,0.0,Sam Bradford,348.p.23976,5.53,Karlos Williams,348.p.28543,0.0,Richard Rodgers,348.p.27626,4.4,Graham Gano,348.p.9526,1.5,Tennessee,348.p.100010,7.0,,,The Dirty Diapers,6,
Aaron Rodgers,348.p.7200,17.9,Demaryius Thomas,348.p.23997,16.1,Jeremy Maclin,348.p.9283,6.3,Mark Ingram II,348.p.24815,19.1,Chris Johnson,348.p.8801,5.0,Antonio Gates,348.p.6663,14.0,Willie Snead IV,348.p.28026,7.5,Vincent Jackson,348.p.7237,0.0,Owen Daniels,348.p.7847,3.4,Steve Smith,348.p.5521,23.2,Rueben Randle,348.p.25773,6.9,Darren Sproles,348.p.7306,1.2,Nick Novak,348.p.7505,5.0,Washington,348.p.100028,12.0,,,Thug Bungalow,6,
Eli Manning,348.p.6760,6.5,Anquan Boldin,348.p.6390,12.7,Ted Ginn Jr.,348.p.8263,2.3,Eddie Lacy,348.p.26684,2.0,Theo Riddick,348.p.26822,9.3,Charles Clay,348.p.24961,10.7,Marquess Wilson,348.p.26859,6.4,Latavius Murray,348.p.26804,0.0,Jason Witten,348.p.6405,0.0,Darren McFadden,348.p.8781,0.0,Ben Roethlisberger,348.p.6770,0.0,DeSean Jackson,348.p.8826,0.0,Adam Vinatieri,348.p.3727,1.5,Seattle,348.p.100026,10.0,,,"""Lauren's Legit Team""",6,
Drew Brees,348.p.5479,14.6,DeAndre Hopkins,348.p.26650,31.8,Keenan Allen,348.p.26699,22.7,Marshawn Lynch,348.p.8266,11.9,Antonio Andrews,348.p.27946,3.0,Travis Kelce,348.p.26686,11.3,Martavis Bryant,348.p.27646,29.5,Knile Davis,348.p.26719,3.0,Doug Baldwin,348.p.25105,3.8,Thomas Rawls,348.p.28714,0.8,Victor Cruz,348.p.24553,0.0,Brandon LaFell,348.p.24053,0.0,Cairo Santos,348.p.28227,3.5,Minnesota,348.p.100016,9.5,,,Thunder Crotches,6,
Peyton Manning,348.p.4256,7.67,Golden Tate,348.p.24035,13.0,Larry Fitzgerald,348.p.6762,13.3,Justin Forsett,348.p.9010,13.6,Shane Vereen,348.p.24843,1.1,Rob Gronkowski,348.p.24017,12.5,Travis Benjamin,348.p.25810,16.2,C.J. Spiller,348.p.23984,4.7,Marvin Jones Jr.,348.p.25876,20.0,Ryan Mathews,348.p.23987,5.1,Nick Foles,348.p.25798,0.0,Christine Michael,348.p.26685,0.0,Matt Prater,348.p.8565,10.0,Buffalo,348.p.100002,0.5,,,"""John Brown's Army""",6,
Marcus Mariota,348.p.28390,3.3,Kendall Wright,348.p.25730,5.4,Allen Hurns,348.p.27874,10.0,Matt Forte,348.p.8821,16.4,Arian Foster,348.p.9527,18.7,Tyler Eifert,348.p.26644,11.0,Charcandrick West,348.p.28044,2.4,Odell Beckham Jr.,348.p.27540,15.6,Matt Jones,348.p.28483,0.0,Tyrod Taylor,348.p.24967,0.0,Andre Ellington,348.p.26810,6.4,Davante Adams,348.p.27581,0.0,Robbie Gould,348.p.7520,10.0,New England,348.p.100017,4.5,,,The Scientist,6,
Ryan Tannehill,348.p.25718,14.27,Antonio Brown,348.p.24171,3.9,Brandin Cooks,348.p.27548,6.1,Frank Gore,348.p.7241,10.4,Toby Gerhart,348.p.24026,6.4,Gary Barnidge,348.p.8907,17.4,Leonard Hankerson,348.p.24866,5.7,T.J. Yeldon,348.p.28424,0.0,Julius Thomas,348.p.24916,17.3,Terrance Williams,348.p.26697,0.0,Eddie Royal,348.p.8819,7.4,Tavon Austin,348.p.26631,0.0,Josh Brown,348.p.6558,0.5,Green Bay,348.p.100009,10.0,,,The fishingtons,6,
Carson Palmer,348.p.6337,12.93,T.Y. Hilton,348.p.25802,16.4,Jermaine Kearse,348.p.25991,0.0,Giovani Bernard,348.p.26660,13.8,LeGarrette Blount,348.p.24318,22.9,Martellus Bennett,348.p.8838,8.9,Jacob Tamme,348.p.8916,4.7,Russell Wilson,348.p.25785,17.33,Marques Colston,348.p.8001,0.0,Amari Cooper,348.p.28392,0.0,Charles Sims,348.p.27597,0.0,Chandler Catanzaro,348.p.28103,6.5,,,,Detroit,348.p.100008,3.5,Los Angeles,0.0,Immortal Duffmen,6,348.p.100014
Andrew Luck,348.p.25711,25.9,Emmanuel Sanders,348.p.24057,18.9,Jarvis Landry,348.p.27591,14.1,Rashad Jennings,348.p.9514,7.8,DeMarco Murray,348.p.24858,20.1,Larry Donnell,348.p.25703,4.4,Dwayne Harris,348.p.24963,2.8,Matthew Stafford,348.p.9265,31.2,Joseph Randle,348.p.26774,0.0,Pierre Garcon,348.p.8982,11.3,James Starks,348.p.24169,24.2,Carolina,348.p.100029,7.0,Justin Tucker,348.p.26534,6.0,Atlanta,348.p.100001,1.5,,,Starr is Born,6,
Cam Newton,348.p.24788,17.97,Kamar Aiken,348.p.25379,9.7,Brandon Marshall,348.p.7868,18.6,Le'Veon Bell,348.p.26671,8.8,LeSean McCoy,348.p.9317,16.4,Zach Ertz,348.p.26658,6.3,Lamar Miller,348.p.25807,18.8,John Brown,348.p.27619,22.6,Jamison Crowder,348.p.28493,6.0,Dan Herron,348.p.25901,2.7,Alex Smith,348.p.7177,14.4,Sammy Watkins,348.p.27532,12.8,Stephen Hauschka,348.p.9066,11.0,Arizona,348.p.100022,5.0,,,Victor Cruisin,6,
Matt Ryan,348.p.8780,14.83,Randall Cobb,348.p.24851,4.8,Mike Wallace,348.p.9348,3.3,Ameer Abdullah,348.p.28442,7.4,Adrian Peterson,348.p.8261,5.2,Jordan Cameron,348.p.24889,10.5,Alshon Jeffery,348.p.25755,24.7,Jordan Reed,348.p.26708,0.0,Darrius Heyward-Bey,348.p.9271,0.0,Anthony Dixon,348.p.24149,0.0,Colin Kaepernick,348.p.24823,20.33,Michael Floyd,348.p.25723,13.5,Stephen Gostkowski,348.p.7867,8.0,Philadelphia,348.p.100021,23.0,,,"""Kurtz' Horror""",6,
Tom Brady,348.p.5228,26.33,Allen Robinson II,348.p.27589,18.8,Steve Johnson,348.p.9001,6.0,Carlos Hyde,348.p.27585,3.0,Devonta Freeman,348.p.27631,14.0,Delanie Walker,348.p.7924,9.0,Alfred Morris,348.p.25883,1.2,Isaiah Crowell,348.p.28014,0.9,Ronnie Hillman,348.p.25777,0.0,A.J. Green,348.p.24791,0.0,Dez Bryant,348.p.23999,0.0,Tevin Coleman,348.p.28461,1.4,Matt Bryant,348.p.6243,2.5,Miami,348.p.100015,15.5,,,The Ice Cold Bruschi,7,
Blake Bortles,348.p.27531,11.77,Julio Jones,348.p.24793,19.7,Donte Moncrief,348.p.27618,11.4,Chris Ivory,348.p.24400,12.3,Duke Johnson,348.p.28465,12.5,Greg Olsen,348.p.8285,8.0,Stefon Diggs,348.p.28534,20.7,Rishard Matthews,348.p.25937,15.0,Mike Evans,348.p.27535,26.4,Melvin Gordon III,348.p.28403,2.9,Brandon McManus,348.p.27120,0.0,Denver,348.p.100007,0.0,Josh Lambo,348.p.28685,6.5,Pittsburgh,348.p.100023,3.0,,,who invited canada,7,
Philip Rivers,348.p.6763,21.2,Calvin Johnson,348.p.8256,17.1,Julian Edelman,348.p.9496,7.9,Danny Woodhead,348.p.9560,27.6,Todd Gurley,348.p.28398,30.3,Benjamin Watson,348.p.6791,7.9,Andre Johnson,348.p.6339,6.4,C.J. Anderson,348.p.26878,0.0,Vernon Davis,348.p.7755,8.1,Doug Martin,348.p.25741,18.6,David Johnson,348.p.28474,3.4,Mason Crosby,348.p.8447,0.0,Travis Coons,348.p.27958,5.0,Baltimore,348.p.100033,4.5,,,"""Jadeveon's Hit Men""",7,
Ryan Fitzpatrick,348.p.7426,18.73,Jordan Matthews,348.p.27570,2.9,Michael Crabtree,348.p.9274,15.3,Jonathan Stewart,348.p.8790,12.5,Joique Bell,348.p.24262,4.5,Jimmy Graham,348.p.24070,4.1,Eric Decker,348.p.24062,12.4,Dion Lewis,348.p.24936,0.0,Andy Dalton,348.p.24822,0.0,James Jones,348.p.8332,0.0,Jeremy Hill,348.p.27583,0.0,Karlos Williams,348.p.28543,0.0,Graham Gano,348.p.9526,6.5,Houston,348.p.100034,7.0,,,The Dirty Diapers,7,
Brian Hoyer,348.p.9547,17.1,Jeremy Maclin,348.p.9283,0.0,Steve Smith,348.p.5521,10.3,Mark Ingram II,348.p.24815,21.8,Chris Johnson,348.p.8801,18.2,Kyle Rudolph,348.p.24830,8.0,Willie Snead IV,348.p.28026,4.0,Antonio Gates,348.p.6663,0.0,Aaron Rodgers,348.p.7200,0.0,Demaryius Thomas,348.p.23997,0.0,Vincent Jackson,348.p.7237,1.8,Rueben Randle,348.p.25773,7.8,Nick Novak,348.p.7505,1.0,Washington,348.p.100028,4.0,,,Thug Bungalow,7,
Eli Manning,348.p.6760,5.27,Anquan Boldin,348.p.6390,5.4,Malcom Floyd,348.p.7149,1.2,Latavius Murray,348.p.26804,15.1,Darren McFadden,348.p.8781,23.2,Charles Clay,348.p.24961,4.1,Jason Witten,348.p.6405,10.3,Theo Riddick,348.p.26822,6.3,Marquess Wilson,348.p.26859,0.0,Eddie Lacy,348.p.26684,0.0,Ben Roethlisberger,348.p.6770,0.0,DeSean Jackson,348.p.8826,0.0,Adam Vinatieri,348.p.3727,1.5,Seattle,348.p.100026,16.0,,,"""Lauren's Legit Team""",7,
Drew Brees,348.p.5479,10.1,DeAndre Hopkins,348.p.26650,7.0,Keenan Allen,348.p.26699,13.4,Marshawn Lynch,348.p.8266,18.2,Antonio Andrews,348.p.27946,5.7,Travis Kelce,348.p.26686,9.8,Martavis Bryant,348.p.27646,13.3,Knile Davis,348.p.26719,0.2,Doug Baldwin,348.p.25105,2.9,Thomas Rawls,348.p.28714,5.1,Victor Cruz,348.p.24553,0.0,Brandon LaFell,348.p.24053,3.5,Cairo Santos,348.p.28227,8.0,Minnesota,348.p.100016,12.5,,,Thunder Crotches,7,
Peyton Manning,348.p.4256,0.0,Golden Tate,348.p.24035,2.4,Larry Fitzgerald,348.p.6762,5.4,Justin Forsett,348.p.9010,11.9,Shane Vereen,348.p.24843,6.7,Rob Gronkowski,348.p.24017,22.3,Travis Benjamin,348.p.25810,4.7,C.J. Spiller,348.p.23984,7.8,Marvin Jones Jr.,348.p.25876,0.0,Ryan Mathews,348.p.23987,19.6,Nick Foles,348.p.25798,5.23,Christine Michael,348.p.26685,2.5,Matt Prater,348.p.8565,5.0,Buffalo,348.p.100002,11.5,,,"""John Brown's Army""",7,
Derek Carr,348.p.27564,21.93,Allen Hurns,348.p.27874,12.3,Odell Beckham Jr.,348.p.27540,5.5,Arian Foster,348.p.9527,27.0,Charcandrick West,348.p.28044,19.9,Ladarius Green,348.p.25820,14.5,Matt Jones,348.p.28483,6.6,Kendall Wright,348.p.25730,12.6,Tyler Eifert,348.p.26644,0.0,Matt Forte,348.p.8821,0.0,Davante Adams,348.p.27581,0.0,David Cobb,348.p.28526,0.0,Dan Bailey,348.p.25427,7.0,New England,348.p.100017,4.5,,,The Scientist,7,
Ryan Tannehill,348.p.25718,25.7,Antonio Brown,348.p.24171,16.0,Brandin Cooks,348.p.27548,10.1,Frank Gore,348.p.7241,10.0,T.J. Yeldon,348.p.28424,18.9,Julius Thomas,348.p.24916,0.9,Gary Barnidge,348.p.8907,13.1,Tavon Austin,348.p.26631,8.4,Leonard Hankerson,348.p.24866,0.0,Terrance Williams,348.p.26697,9.0,Eddie Royal,348.p.8819,0.0,Green Bay,348.p.100009,0.0,Josh Brown,348.p.6558,7.5,New York,348.p.100019,17.0,,,The fishingtons,7,
Russell Wilson,348.p.25785,9.83,T.Y. Hilton,348.p.25802,29.0,Jermaine Kearse,348.p.25991,7.9,LeGarrette Blount,348.p.24318,-0.3,Charles Sims,348.p.27597,5.6,Jacob Tamme,348.p.8916,5.1,Amari Cooper,348.p.28392,21.8,Carson Palmer,348.p.6337,17.37,Martellus Bennett,348.p.8838,0.0,Giovani Bernard,348.p.26660,0.0,Marques Colston,348.p.8001,2.5,Detroit,348.p.100008,13.5,Chandler Catanzaro,348.p.28103,5.0,Los Angeles,348.p.100014,27.5,,,Immortal Duffmen,7,
Andrew Luck,348.p.25711,21.8,Jarvis Landry,348.p.27591,23.3,Pierre Garcon,348.p.8982,8.0,DeMarco Murray,348.p.24858,8.0,Rashad Jennings,348.p.9514,1.9,Larry Donnell,348.p.25703,3.8,Joseph Randle,348.p.26774,2.4,Dwayne Harris,348.p.24963,11.3,Emmanuel Sanders,348.p.24057,0.0,Matthew Stafford,348.p.9265,17.03,James Starks,348.p.24169,0.0,Carolina,348.p.100029,13.0,Justin Tucker,348.p.26534,3.5,Atlanta,348.p.100001,10.5,,,Starr is Born,7,
Cam Newton,348.p.24788,12.57,Kamar Aiken,348.p.25379,1.1,Brandon Marshall,348.p.7868,8.7,Le'Veon Bell,348.p.26671,15.7,LeSean McCoy,348.p.9317,10.4,Zach Ertz,348.p.26658,8.8,Lamar Miller,348.p.25807,37.1,John Brown,348.p.27619,14.5,Jamison Crowder,348.p.28493,7.3,Dan Herron,348.p.25901,1.7,Alex Smith,348.p.7177,12.87,Sammy Watkins,348.p.27532,0.0,Stephen Hauschka,348.p.9066,7.0,Arizona,348.p.100022,13.5,,,Victor Cruisin,7,
Matt Ryan,348.p.8780,8.07,Mike Wallace,348.p.9348,5.6,Michael Floyd,348.p.25723,13.4,Ameer Abdullah,348.p.28442,4.3,Adrian Peterson,348.p.8261,12.5,Jordan Cameron,348.p.24889,3.3,Jordan Reed,348.p.26708,24.7,Alshon Jeffery,348.p.25755,0.0,Randall Cobb,348.p.24851,0.0,Darrius Heyward-Bey,348.p.9271,0.0,Anthony Dixon,348.p.24149,0.0,Colin Kaepernick,348.p.24823,4.13,Stephen Gostkowski,348.p.7867,9.5,Philadelphia,348.p.100021,8.0,,,"""Kurtz' Horror""",7,
Tom Brady,348.p.5228,27.97,A.J. Green,348.p.24791,23.3,Steve Johnson,348.p.9001,3.8,Devonta Freeman,348.p.27631,16.1,Ronnie Hillman,348.p.25777,18.0,Delanie Walker,348.p.7924,9.2,Dez Bryant,348.p.23999,2.2,Carlos Hyde,348.p.27585,0.0,Alfred Morris,348.p.25883,0.0,Allen Robinson II,348.p.27589,0.0,Isaiah Crowell,348.p.28014,3.1,Tevin Coleman,348.p.28461,2.6,Matt Bryant,348.p.6243,5.0,New York,348.p.100020,-0.5,,,The Ice Cold Bruschi,8,
Jay Cutler,348.p.7760,18.13,Mike Evans,348.p.27535,6.3,Julio Jones,348.p.24793,26.2,Chris Ivory,348.p.24400,5.6,Duke Johnson,348.p.28465,8.1,Greg Olsen,348.p.8285,16.9,Stefon Diggs,348.p.28534,18.5,Blake Bortles,348.p.27531,0.0,Rishard Matthews,348.p.25937,9.7,Donte Moncrief,348.p.27618,2.8,Melvin Gordon III,348.p.28403,8.6,Tyrod Taylor,348.p.24967,0.0,Brandon McManus,348.p.27120,7.5,Denver,348.p.100007,12.0,,,who invited canada,8,
Philip Rivers,348.p.6763,21.03,Calvin Johnson,348.p.8256,11.0,Julian Edelman,348.p.9496,23.6,Danny Woodhead,348.p.9560,5.5,Todd Gurley,348.p.28398,22.1,Benjamin Watson,348.p.6791,25.2,Doug Martin,348.p.25741,8.3,Andre Johnson,348.p.6339,16.1,C.J. Anderson,348.p.26878,17.1,Vernon Davis,348.p.7755,5.4,David Johnson,348.p.28474,4.8,,,,Mason Crosby,348.p.8447,4.5,Baltimore,348.p.100033,4.0,,,"""Jadeveon's Hit Men""",8,
Andy Dalton,348.p.24822,7.1,Michael Crabtree,348.p.9274,19.7,James Jones,348.p.8332,-0.3,Jonathan Stewart,348.p.8790,12.8,Dion Lewis,348.p.24936,20.2,Jimmy Graham,348.p.24070,11.0,Jeremy Hill,348.p.27583,7.3,Eric Decker,348.p.24062,15.0,Jordan Matthews,348.p.27570,0.0,Ryan Fitzpatrick,348.p.7426,2.73,Karlos Williams,348.p.28543,0.0,Richard Rodgers,348.p.27626,2.6,Graham Gano,348.p.9526,11.0,Cincinnati,348.p.100004,15.5,,,The Dirty Diapers,8,
Aaron Rodgers,348.p.7200,4.67,Jeremy Maclin,348.p.9283,11.0,Demaryius Thomas,348.p.23997,20.8,Mark Ingram II,348.p.24815,13.9,Chris Johnson,348.p.8801,6.9,Eric Ebron,348.p.27538,3.9,Willie Snead IV,348.p.28026,22.0,Brian Hoyer,348.p.9547,15.73,Antonio Gates,348.p.6663,7.6,Vincent Jackson,348.p.7237,0.0,Rueben Randle,348.p.25773,8.0,,,,Nick Folk,348.p.8432,7.0,Kansas City,348.p.100012,16.5,,,Thug Bungalow,8,
Ben Roethlisberger,348.p.6770,6.73,Anquan Boldin,348.p.6390,0.0,Malcom Floyd,348.p.7149,23.2,Latavius Murray,348.p.26804,12.4,Darren McFadden,348.p.8781,14.3,Jason Witten,348.p.6405,2.6,Eddie Lacy,348.p.26684,10.2,Eli Manning,348.p.6760,34.67,Charles Clay,348.p.24961,0.0,Theo Riddick,348.p.26822,7.7,Marquess Wilson,348.p.26859,1.9,DeSean Jackson,348.p.8826,0.0,Adam Vinatieri,348.p.3727,13.0,Seattle,348.p.100026,7.5,,,"""Lauren's Legit Team""",8,
Drew Brees,348.p.5479,40.93,DeAndre Hopkins,348.p.26650,19.4,Keenan Allen,348.p.26699,12.0,Marshawn Lynch,348.p.8266,9.2,Antonio Andrews,348.p.27946,9.7,Travis Kelce,348.p.26686,13.9,Martavis Bryant,348.p.27646,6.9,Chris Polk,348.p.26006,2.7,Doug Baldwin,348.p.25105,5.0,Thomas Rawls,348.p.28714,1.0,Brandon LaFell,348.p.24053,6.7,Reggie Bush,348.p.7751,0.0,Cairo Santos,348.p.28227,6.0,Minnesota,348.p.100016,4.5,,,Thunder Crotches,8,
Peyton Manning,348.p.4256,9.33,Golden Tate,348.p.24035,8.9,Larry Fitzgerald,348.p.6762,16.9,Justin Forsett,348.p.9010,7.9,Shane Vereen,348.p.24843,16.3,Rob Gronkowski,348.p.24017,20.3,Travis Benjamin,348.p.25810,4.1,C.J. Spiller,348.p.23984,10.6,Marvin Jones Jr.,348.p.25876,2.4,Ryan Mathews,348.p.23987,0.0,Nick Foles,348.p.25798,11.07,Christine Michael,348.p.26685,2.0,Matt Prater,348.p.8565,3.5,Buffalo,348.p.100002,0.0,,,"""John Brown's Army""",8,
Derek Carr,348.p.27564,26.9,Odell Beckham Jr.,348.p.27540,35.0,Davante Adams,348.p.27581,1.3,Charcandrick West,348.p.28044,20.2,Matt Forte,348.p.8821,8.9,Tyler Eifert,348.p.26644,5.9,Ladarius Green,348.p.25820,1.5,Kendall Wright,348.p.25730,4.8,Matt Jones,348.p.28483,0.0,Allen Hurns,348.p.27874,0.0,David Cobb,348.p.28526,0.0,Orleans Darkwa,348.p.28169,2.3,Dan Bailey,348.p.25427,12.0,New England,348.p.100017,19.0,,,The Scientist,8,
Ryan Tannehill,348.p.25718,4.9,Antonio Brown,348.p.24171,13.7,Brandin Cooks,348.p.27548,23.5,Frank Gore,348.p.7241,9.7,Alfred Blue,348.p.27709,9.7,Gary Barnidge,348.p.8907,14.8,Tavon Austin,348.p.26631,23.9,T.J. Yeldon,348.p.28424,0.0,Julius Thomas,348.p.24916,0.0,Leonard Hankerson,348.p.24866,0.0,Terrance Williams,348.p.26697,3.0,Eddie Royal,348.p.8819,1.6,Josh Brown,348.p.6558,3.5,Green Bay,348.p.100009,4.5,,,The fishingtons,8,
Carson Palmer,348.p.6337,27.07,T.Y. Hilton,348.p.25802,2.0,Ted Ginn Jr.,348.p.8263,7.0,LeGarrette Blount,348.p.24318,7.9,Giovani Bernard,348.p.26660,4.4,Martellus Bennett,348.p.8838,4.7,Amari Cooper,348.p.28392,7.3,Jermaine Kearse,348.p.25991,0.0,Jacob Tamme,348.p.8916,21.3,Charles Sims,348.p.27597,6.1,Russell Wilson,348.p.25785,12.2,Marques Colston,348.p.8001,21.4,Chandler Catanzaro,348.p.28103,8.0,Los Angeles,348.p.100014,16.5,,,Immortal Duffmen,8,
Andrew Luck,348.p.25711,12.2,Jarvis Landry,348.p.27591,9.1,Emmanuel Sanders,348.p.24057,3.2,Rashad Jennings,348.p.9514,9.5,James Starks,348.p.24169,2.8,Larry Donnell,348.p.25703,2.7,Nate Washington,348.p.7492,15.4,Dwayne Harris,348.p.24963,17.2,Joseph Randle,348.p.26774,0.0,DeMarco Murray,348.p.24858,0.0,Pierre Garcon,348.p.8982,0.0,Matthew Stafford,348.p.9265,7.73,Justin Tucker,348.p.26534,15.0,Carolina,348.p.100029,13.0,,,Starr is Born,8,
Cam Newton,348.p.24788,16.37,Brandon Marshall,348.p.7868,15.3,John Brown,348.p.27619,0.0,Le'Veon Bell,348.p.26671,6.8,Andre Ellington,348.p.26810,0.0,Austin Seferian-Jenkins,348.p.27566,0.0,Lamar Miller,348.p.25807,11.9,Danny Amendola,348.p.9037,1.6,Kamar Aiken,348.p.25379,9.2,LeSean McCoy,348.p.9317,0.0,Jamison Crowder,348.p.28493,0.0,Sammy Watkins,348.p.27532,0.0,Stephen Hauschka,348.p.9066,4.5,Arizona,348.p.100022,10.0,,,Victor Cruisin,8,
Matt Ryan,348.p.8780,16.43,Mike Wallace,348.p.9348,0.0,Alshon Jeffery,348.p.25755,22.6,Ameer Abdullah,348.p.28442,0.3,Adrian Peterson,348.p.8261,11.9,Jordan Cameron,348.p.24889,4.4,Randall Cobb,348.p.24851,6.7,Michael Floyd,348.p.25723,18.6,Jordan Reed,348.p.26708,0.0,Darrius Heyward-Bey,348.p.9271,0.0,Colin Kaepernick,348.p.24823,8.2,Philadelphia,348.p.100021,0.0,Stephen Gostkowski,348.p.7867,9.0,Houston,348.p.100034,24.0,,,"""Kurtz' Horror""",8,
Tom Brady,348.p.5228,15.87,A.J. Green,348.p.24791,7.3,Dez Bryant,348.p.23999,18.9,Devonta Freeman,348.p.27631,17.9,Jeremy Langford,348.p.28494,22.7,Delanie Walker,348.p.7924,26.0,Ronnie Hillman,348.p.25777,0.1,Allen Robinson II,348.p.27589,15.1,Carlos Hyde,348.p.27585,0.0,Steve Johnson,348.p.9001,10.3,Tevin Coleman,348.p.28461,0.3,New York,348.p.100020,16.0,Matt Bryant,348.p.6243,8.5,Atlanta,348.p.100001,7.5,,,The Ice Cold Bruschi,9,
Tyrod Taylor,348.p.24967,14.43,Mike Evans,348.p.27535,17.0,Julio Jones,348.p.24793,18.7,Chris Ivory,348.p.24400,17.3,Duke Johnson,348.p.28465,10.8,Greg Olsen,348.p.8285,14.6,Stefon Diggs,348.p.28534,5.7,Melvin Gordon III,348.p.28403,7.1,Blake Bortles,348.p.27531,16.9,Rishard Matthews,348.p.25937,7.4,Donte Moncrief,348.p.27618,4.5,Joique Bell,348.p.24262,0.0,Brandon McManus,348.p.27120,3.5,Denver,348.p.100007,3.0,,,who invited canada,9,
Philip Rivers,348.p.6763,13.33,Julian Edelman,348.p.9496,12.0,Andre Johnson,348.p.6339,0.0,Danny Woodhead,348.p.9560,20.1,Todd Gurley,348.p.28398,18.4,Benjamin Watson,348.p.6791,8.5,Doug Martin,348.p.25741,3.3,Calvin Johnson,348.p.8256,0.0,C.J. Anderson,348.p.26878,4.3,Vernon Davis,348.p.7755,0.0,Baltimore,348.p.100033,0.0,,,,Mason Crosby,348.p.8447,1.5,Pittsburgh,348.p.100023,7.0,,,"""Jadeveon's Hit Men""",9,
Andy Dalton,348.p.24822,20.3,Michael Crabtree,348.p.9274,26.3,Eric Decker,348.p.24062,16.9,Jonathan Stewart,348.p.8790,7.3,Dion Lewis,348.p.24936,7.3,Richard Rodgers,348.p.27626,16.4,Jeremy Hill,348.p.27583,5.7,Jordan Matthews,348.p.27570,23.8,Jimmy Graham,348.p.24070,0.0,James Jones,348.p.8332,6.7,Ryan Fitzpatrick,348.p.7426,17.07,Karlos Williams,348.p.28543,23.0,Graham Gano,348.p.9526,9.0,Cincinnati,348.p.100004,9.5,,,The Dirty Diapers,9,
Aaron Rodgers,348.p.7200,28.5,Demaryius Thomas,348.p.23997,7.5,Willie Snead IV,348.p.28026,12.5,Mark Ingram II,348.p.24815,11.6,DeAngelo Williams,348.p.7776,36.5,Antonio Gates,348.p.6663,9.9,Rueben Randle,348.p.25773,12.5,Jeremy Maclin,348.p.9283,0.0,Eric Ebron,348.p.27538,0.0,Chris Johnson,348.p.8801,0.0,Vincent Jackson,348.p.7237,0.0,Kansas City,348.p.100012,0.0,Nick Folk,348.p.8432,0.0,New Orleans,348.p.100018,1.5,,,Thug Bungalow,9,
Eli Manning,348.p.6760,11.0,Malcom Floyd,348.p.7149,0.0,DeSean Jackson,348.p.8826,3.0,Latavius Murray,348.p.26804,7.5,Darren McFadden,348.p.8781,12.7,Charles Clay,348.p.24961,1.1,Eddie Lacy,348.p.26684,-1.0,Jason Witten,348.p.6405,7.3,Anquan Boldin,348.p.6390,0.0,Ben Roethlisberger,348.p.6770,18.13,Theo Riddick,348.p.26822,0.0,Seattle,348.p.100026,0.0,Adam Vinatieri,348.p.3727,8.5,New York,348.p.100019,14.5,,,"""Lauren's Legit Team""",9,
Drew Brees,348.p.5479,28.8,Martavis Bryant,348.p.27646,10.6,Emmanuel Sanders,348.p.24057,18.0,Antonio Andrews,348.p.27946,11.6,DeMarco Murray,348.p.24858,25.1,Coby Fleener,348.p.25744,4.2,Brandon LaFell,348.p.24053,12.7,Dontrelle Inman,348.p.25120,2.3,Pierre Thomas,348.p.8561,1.2,Travis Kelce,348.p.26686,0.0,Doug Baldwin,348.p.25105,0.0,Thomas Rawls,348.p.28714,0.0,Blair Walsh,348.p.25885,6.5,Minnesota,348.p.100016,7.0,,,Thunder Crotches,9,
Peyton Manning,348.p.4256,13.37,Golden Tate,348.p.24035,0.0,Larry Fitzgerald,348.p.6762,0.0,Justin Forsett,348.p.9010,0.0,Shane Vereen,348.p.24843,12.3,Rob Gronkowski,348.p.24017,6.7,Travis Benjamin,348.p.25810,3.7,C.J. Spiller,348.p.23984,1.5,Marvin Jones Jr.,348.p.25876,10.3,Ryan Mathews,348.p.23987,12.7,Nick Foles,348.p.25798,4.8,Christine Michael,348.p.26685,0.0,Matt Prater,348.p.8565,0.0,Buffalo,348.p.100002,10.0,,,"""John Brown's Army""",9,
Derek Carr,348.p.27564,24.33,Odell Beckham Jr.,348.p.27540,14.0,Allen Hurns,348.p.27874,20.7,Matt Jones,348.p.28483,3.4,Orleans Darkwa,348.p.28169,2.3,Tyler Eifert,348.p.26644,25.8,Davante Adams,348.p.27581,13.8,Kendall Wright,348.p.25730,0.0,Matt Forte,348.p.8821,0.0,Charcandrick West,348.p.28044,0.0,David Cobb,348.p.28526,0.0,Dexter McCluster,348.p.24011,3.7,Dan Bailey,348.p.25427,7.5,New England,348.p.100017,10.0,,,The Scientist,9,
Ryan Tannehill,348.p.25718,9.0,Antonio Brown,348.p.24171,37.1,Brandin Cooks,348.p.27548,15.1,Frank Gore,348.p.7241,16.7,T.J. Yeldon,348.p.28424,11.6,Gary Barnidge,348.p.8907,4.5,Tavon Austin,348.p.26631,10.1,Alfred Blue,348.p.27709,0.0,Julius Thomas,348.p.24916,2.9,Terrance Williams,348.p.26697,4.2,Marquess Wilson,348.p.26859,2.0,Robert Woods,348.p.26664,0.0,Josh Brown,348.p.6558,14.0,Green Bay,348.p.100009,1.0,,,The fishingtons,9,
Marcus Mariota,348.p.28390,29.87,Ted Ginn Jr.,348.p.8263,2.5,Marques Colston,348.p.8001,5.2,LeGarrette Blount,348.p.24318,17.9,Giovani Bernard,348.p.26660,9.1,Jacob Tamme,348.p.8916,9.1,Amari Cooper,348.p.28392,18.3,T.Y. Hilton,348.p.25802,10.7,Martellus Bennett,348.p.8838,15.7,Carson Palmer,348.p.6337,0.0,Charles Sims,348.p.27597,6.7,Russell Wilson,348.p.25785,0.0,Josh Lambo,348.p.28685,5.5,Los Angeles,348.p.100014,6.0,,,Immortal Duffmen,9,
Cam Newton,348.p.24788,31.6,Jarvis Landry,348.p.27591,14.5,Pierre Garcon,348.p.8982,9.0,LeSean McCoy,348.p.9317,18.9,Lamar Miller,348.p.25807,29.6,Heath Miller,348.p.7206,4.7,Dwayne Harris,348.p.24963,0.6,Rashad Jennings,348.p.9514,5.2,Zach Ertz,348.p.26658,6.9,Nate Washington,348.p.7492,0.0,Tony Romo,348.p.6624,0.0,Sammy Watkins,348.p.27532,26.8,Robbie Gould,348.p.7520,1.0,Carolina,348.p.100029,11.5,,,Starr is Born,9,
Andrew Luck,348.p.25711,19.8,Brandon Marshall,348.p.7868,12.4,Jamison Crowder,348.p.28493,7.0,James Starks,348.p.24169,21.2,Alfred Morris,348.p.25883,1.0,Austin Seferian-Jenkins,348.p.27566,0.0,Darren Sproles,348.p.7306,3.6,Marshawn Lynch,348.p.8266,0.0,Andre Ellington,348.p.26810,0.0,John Brown,348.p.27619,0.0,DeAndre Hopkins,348.p.26650,0.0,Arizona,348.p.100022,0.0,Dan Carpenter,348.p.9032,5.0,Miami,348.p.100015,5.0,,,Victor Cruisin,9,
Matt Ryan,348.p.8780,14.3,Alshon Jeffery,348.p.25755,20.1,Randall Cobb,348.p.24851,17.9,Adrian Peterson,348.p.8261,19.3,Kendall Gaskins,348.p.27002,2.0,Jordan Cameron,348.p.24889,1.1,Jordan Reed,348.p.26708,9.3,Ameer Abdullah,348.p.28442,0.0,Mike Wallace,348.p.9348,0.9,Michael Floyd,348.p.25723,0.0,Darrius Heyward-Bey,348.p.9271,0.0,Colin Kaepernick,348.p.24823,0.0,Stephen Gostkowski,348.p.7867,5.5,Philadelphia,348.p.100021,15.0,,,"""Kurtz' Horror""",9,
Tom Brady,348.p.5228,15.03,A.J. Green,348.p.24791,7.2,Allen Robinson II,348.p.27589,13.6,Jeremy Langford,348.p.28494,33.7,Ronnie Hillman,348.p.25777,12.1,Delanie Walker,348.p.7924,6.7,Dez Bryant,348.p.23999,7.0,Devonta Freeman,348.p.27631,0.0,Carlos Hyde,348.p.27585,0.0,Steve Johnson,348.p.9001,0.0,James White,348.p.27658,1.6,Jay Ajayi,348.p.28537,4.8,Stephen Hauschka,348.p.9066,7.0,New York,348.p.100020,8.5,,,The Ice Cold Bruschi,10,
Blake Bortles,348.p.27531,14.77,Mike Evans,348.p.27535,16.6,Alshon Jeffery,348.p.25755,3.8,Chris Ivory,348.p.24400,12.5,Adrian Peterson,348.p.8261,28.6,Greg Olsen,348.p.8285,12.0,Stefon Diggs,348.p.28534,6.6,Tyrod Taylor,348.p.24967,10.47,Donte Moncrief,348.p.27618,0.0,Melvin Gordon III,348.p.28403,0.0,Chris Givens,348.p.25806,11.7,,,,Brandon McManus,348.p.27120,0.5,Denver,348.p.100007,2.0,,,who invited canada,10,
Joe Flacco,348.p.8795,18.23,Julian Edelman,348.p.9496,7.3,Calvin Johnson,348.p.8256,11.1,Todd Gurley,348.p.28398,16.4,Doug Martin,348.p.25741,12.3,Benjamin Watson,348.p.6791,3.4,C.J. Anderson,348.p.26878,0.9,Philip Rivers,348.p.6763,0.0,Andre Johnson,348.p.6339,0.0,Danny Woodhead,348.p.9560,0.0,Vernon Davis,348.p.7755,2.9,,,,Mason Crosby,348.p.8447,3.5,Baltimore,348.p.100033,9.0,,,"""Jadeveon's Hit Men""",10,
Andy Dalton,348.p.24822,7.67,Michael Crabtree,348.p.9274,7.5,Eric Decker,348.p.24062,17.5,Jonathan Stewart,348.p.8790,15.1,Jeremy Hill,348.p.27583,3.5,Jimmy Graham,348.p.24070,5.6,Jordan Matthews,348.p.27570,3.6,Richard Rodgers,348.p.27626,11.7,James Jones,348.p.8332,0.0,Ryan Fitzpatrick,348.p.7426,13.43,Karlos Williams,348.p.28543,11.5,Isaiah Crowell,348.p.28014,0.4,Graham Gano,348.p.9526,6.5,Cincinnati,348.p.100004,11.5,,,The Dirty Diapers,10,
Aaron Rodgers,348.p.7200,19.9,Demaryius Thomas,348.p.23997,10.6,Jeremy Maclin,348.p.9283,3.2,Mark Ingram II,348.p.24815,11.3,DeAngelo Williams,348.p.7776,6.4,Eric Ebron,348.p.27538,4.8,Willie Snead IV,348.p.28026,0.0,Chris Johnson,348.p.8801,5.8,Rueben Randle,348.p.25773,6.6,Antonio Gates,348.p.6663,0.0,Vincent Jackson,348.p.7237,0.0,Kansas City,348.p.100012,22.0,Justin Tucker,348.p.26534,1.0,Tampa Bay,348.p.100027,14.5,,,Thug Bungalow,10,
Eli Manning,348.p.6760,19.03,DeSean Jackson,348.p.8826,5.4,Cole Beasley,348.p.26060,1.3,Darren McFadden,348.p.8781,7.3,Latavius Murray,348.p.26804,10.2,Charles Clay,348.p.24961,7.7,Jason Witten,348.p.6405,6.7,Theo Riddick,348.p.26822,4.1,Eddie Lacy,348.p.26684,0.0,Anquan Boldin,348.p.6390,0.0,Ben Roethlisberger,348.p.6770,23.43,Adam Vinatieri,348.p.3727,0.0,Sebastian Janikowski,348.p.5046,1.0,Seattle,348.p.100026,13.5,,,"""Lauren's Legit Team""",10,
Drew Brees,348.p.5479,10.97,Brandon LaFell,348.p.24053,7.6,Martavis Bryant,348.p.27646,24.8,Antonio Andrews,348.p.27946,0.8,DeMarco Murray,348.p.24858,14.9,Travis Kelce,348.p.26686,6.1,Thomas Rawls,348.p.28714,1.9,Emmanuel Sanders,348.p.24057,0.0,Kamar Aiken,348.p.25379,10.8,Dontrelle Inman,348.p.25120,0.0,Doug Baldwin,348.p.25105,22.9,Brian Hoyer,348.p.9547,3.6,Blair Walsh,348.p.25885,9.5,Minnesota,348.p.100016,9.5,,,Thunder Crotches,10,
Peyton Manning,348.p.4256,-7.83,Golden Tate,348.p.24035,8.3,Larry Fitzgerald,348.p.6762,18.0,Justin Forsett,348.p.9010,8.4,Shane Vereen,348.p.24843,3.6,Rob Gronkowski,348.p.24017,19.8,Travis Benjamin,348.p.25810,14.1,C.J. Spiller,348.p.23984,3.4,Marvin Jones Jr.,348.p.25876,5.6,Ryan Mathews,348.p.23987,11.0,Nick Foles,348.p.25798,4.67,Christine Michael,348.p.26685,0.8,Matt Prater,348.p.8565,7.0,Buffalo,348.p.100002,19.5,,,"""John Brown's Army""",10,
Derek Carr,348.p.27564,15.27,Odell Beckham Jr.,348.p.27540,18.4,Allen Hurns,348.p.27874,14.7,Matt Jones,348.p.28483,26.2,Charcandrick West,348.p.28044,29.6,Tyler Eifert,348.p.26644,4.1,Davante Adams,348.p.27581,12.9,Orleans Darkwa,348.p.28169,1.5,Kendall Wright,348.p.25730,0.0,Matt Forte,348.p.8821,0.0,David Cobb,348.p.28526,0.0,Dorial Green-Beckham,348.p.28428,0.0,Dan Bailey,348.p.25427,7.0,New England,348.p.100017,6.5,,,The Scientist,10,
Ryan Tannehill,348.p.25718,14.03,Antonio Brown,348.p.24171,31.9,Brandin Cooks,348.p.27548,25.4,T.J. Yeldon,348.p.28424,9.2,Alfred Blue,348.p.27709,3.6,Gary Barnidge,348.p.8907,15.5,Tavon Austin,348.p.26631,3.3,Frank Gore,348.p.7241,0.0,Julius Thomas,348.p.24916,3.3,Terrance Williams,348.p.26697,4.3,Robert Woods,348.p.26664,3.4,Nick Novak,348.p.7505,2.5,Josh Brown,348.p.6558,13.0,Green Bay,348.p.100009,7.0,,,The fishingtons,10,
Russell Wilson,348.p.25785,13.2,Ted Ginn Jr.,348.p.8263,6.5,Marques Colston,348.p.8001,3.7,LeGarrette Blount,348.p.24318,14.7,Giovani Bernard,348.p.26660,10.4,Martellus Bennett,348.p.8838,3.3,Amari Cooper,348.p.28392,10.4,Marcus Mariota,348.p.28390,4.57,Jacob Tamme,348.p.8916,0.0,T.Y. Hilton,348.p.25802,0.0,Carson Palmer,348.p.6337,17.9,Charles Sims,348.p.27597,4.1,Chandler Catanzaro,348.p.28103,11.0,Los Angeles,348.p.100014,6.0,,,Immortal Duffmen,10,
Cam Newton,348.p.24788,19.53,Jarvis Landry,348.p.27591,15.3,Pierre Garcon,348.p.8982,2.0,LeSean McCoy,348.p.9317,18.4,Lamar Miller,348.p.25807,18.3,Zach Ertz,348.p.26658,10.3,Sammy Watkins,348.p.27532,2.9,Heath Miller,348.p.7206,6.0,Dwayne Harris,348.p.24963,17.2,Rashad Jennings,348.p.9514,5.1,Nate Washington,348.p.7492,4.2,Shaun Draughn,348.p.25481,0.0,Caleb Sturgis,348.p.26789,4.0,Carolina,348.p.100029,12.5,,,Starr is Born,10,
Jay Cutler,348.p.7760,23.0,Brandon Marshall,348.p.7868,9.8,DeAndre Hopkins,348.p.26650,14.2,James Starks,348.p.24169,12.6,Marshawn Lynch,348.p.8266,11.5,Crockett Gillmore,348.p.27627,12.2,John Brown,348.p.27619,0.0,Andrew Luck,348.p.25711,0.0,Darren Sproles,348.p.7306,5.9,Jamison Crowder,348.p.28493,13.0,Andre Ellington,348.p.26810,16.3,Brandon Bolden,348.p.26389,-0.3,Dan Carpenter,348.p.9032,8.5,Arizona,348.p.100022,7.0,,,Victor Cruisin,10,
Sam Bradford,348.p.23976,9.87,Randall Cobb,348.p.24851,7.5,Michael Floyd,348.p.25723,26.8,Joique Bell,348.p.24262,4.5,Duke Johnson,348.p.28465,4.8,Jordan Reed,348.p.26708,16.4,Rishard Matthews,348.p.25937,12.2,Matt Ryan,348.p.8780,0.0,Jordan Cameron,348.p.24889,1.0,Mike Wallace,348.p.9348,2.7,Colin Kaepernick,348.p.24823,0.0,Julio Jones,348.p.24793,0.0,Stephen Gostkowski,348.p.7867,8.5,Philadelphia,348.p.100021,10.5,,,"""Kurtz' Horror""",10,
Tom Brady,348.p.5228,11.23,Allen Robinson II,348.p.27589,13.8,A.J. Green,348.p.24791,9.9,Jeremy Langford,348.p.28494,11.7,Devonta Freeman,348.p.27631,4.3,Delanie Walker,348.p.7924,14.9,Dez Bryant,348.p.23999,12.5,Ronnie Hillman,348.p.25777,10.9,Carlos Hyde,348.p.27585,0.0,Steve Johnson,348.p.9001,8.9,James White,348.p.27658,17.6,Jay Ajayi,348.p.28537,4.6,Stephen Hauschka,348.p.9066,4.0,New York,348.p.100020,4.5,,,The Ice Cold Bruschi,11,
Blake Bortles,348.p.27531,8.97,Mike Evans,348.p.27535,14.3,Donte Moncrief,348.p.27618,6.6,Chris Ivory,348.p.24400,5.0,Adrian Peterson,348.p.8261,11.1,Greg Olsen,348.p.8285,12.9,Stefon Diggs,348.p.28534,9.6,Alshon Jeffery,348.p.25755,0.0,Tyrod Taylor,348.p.24967,6.87,Melvin Gordon III,348.p.28403,5.4,Matt Asiata,348.p.25238,1.4,Bilal Powell,348.p.24913,11.4,Brandon McManus,348.p.27120,3.0,Denver,348.p.100007,9.0,,,who invited canada,11,
Philip Rivers,348.p.6763,4.73,Calvin Johnson,348.p.8256,11.3,Andre Johnson,348.p.6339,1.8,Todd Gurley,348.p.28398,10.6,Doug Martin,348.p.25741,23.5,Vernon Davis,348.p.7755,9.8,Danny Woodhead,348.p.9560,2.1,Julian Edelman,348.p.9496,0.0,C.J. Anderson,348.p.26878,8.2,Joe Flacco,348.p.8795,9.97,Benjamin Watson,348.p.6791,0.0,,,,Mason Crosby,348.p.8447,16.5,Baltimore,348.p.100033,14.0,,,"""Jadeveon's Hit Men""",11,
Andy Dalton,348.p.24822,18.9,Michael Crabtree,348.p.9274,7.0,Eric Decker,348.p.24062,10.1,Jonathan Stewart,348.p.8790,17.9,Karlos Williams,348.p.28543,0.1,Jimmy Graham,348.p.24070,5.4,Jordan Matthews,348.p.27570,3.3,Jeremy Hill,348.p.27583,16.5,Richard Rodgers,348.p.27626,2.2,James Jones,348.p.8332,20.9,Ryan Fitzpatrick,348.p.7426,13.4,Isaiah Crowell,348.p.28014,0.0,Graham Gano,348.p.9526,10.5,Cincinnati,348.p.100004,6.5,,,The Dirty Diapers,11,
Aaron Rodgers,348.p.7200,16.67,Demaryius Thomas,348.p.23997,13.4,Jeremy Maclin,348.p.9283,4.4,Chris Johnson,348.p.8801,7.0,Alfred Morris,348.p.25883,0.0,Antonio Gates,348.p.6663,1.1,Eric Ebron,348.p.27538,0.0,DeAngelo Williams,348.p.7776,0.0,Willie Snead IV,348.p.28026,0.0,Mark Ingram II,348.p.24815,0.0,Rueben Randle,348.p.25773,0.0,Vincent Jackson,348.p.7237,13.6,Justin Tucker,348.p.26534,7.5,Kansas City,348.p.100012,23.0,,,Thug Bungalow,11,
Alex Smith,348.p.7177,11.73,DeSean Jackson,348.p.8826,17.2,Devin Funchess,348.p.28429,14.4,Darren McFadden,348.p.8781,16.4,Latavius Murray,348.p.26804,8.8,Jason Witten,348.p.6405,3.7,Charles Clay,348.p.24961,1.9,Eddie Lacy,348.p.26684,11.1,Cole Beasley,348.p.26060,1.9,Anquan Boldin,348.p.6390,11.8,Ben Roethlisberger,348.p.6770,0.0,Eli Manning,348.p.6760,0.0,Adam Vinatieri,348.p.3727,4.5,Seattle,348.p.100026,8.0,,,"""Lauren's Legit Team""",11,
Tony Romo,348.p.6624,11.77,Brandon LaFell,348.p.24053,8.6,Doug Baldwin,348.p.25105,9.0,Antonio Andrews,348.p.27946,10.4,DeMarco Murray,348.p.24858,9.1,Travis Kelce,348.p.26686,7.1,Kamar Aiken,348.p.25379,13.5,Dontrelle Inman,348.p.25120,6.6,Emmanuel Sanders,348.p.24057,0.0,Thomas Rawls,348.p.28714,39.0,Martavis Bryant,348.p.27646,0.0,Drew Brees,348.p.5479,0.0,Blair Walsh,348.p.25885,0.5,Houston,348.p.100034,12.5,,,Thunder Crotches,11,
Peyton Manning,348.p.4256,0.0,Golden Tate,348.p.24035,11.1,Larry Fitzgerald,348.p.6762,13.0,Justin Forsett,348.p.9010,2.6,Shane Vereen,348.p.24843,0.0,Rob Gronkowski,348.p.24017,4.7,Travis Benjamin,348.p.25810,0.0,C.J. Spiller,348.p.23984,0.0,Marvin Jones Jr.,348.p.25876,8.0,Ryan Mathews,348.p.23987,0.0,Nick Foles,348.p.25798,0.0,Christine Michael,348.p.26685,0.0,Matt Prater,348.p.8565,9.5,Buffalo,348.p.100002,6.0,,,"""John Brown's Army""",11,
Derek Carr,348.p.27564,5.43,Allen Hurns,348.p.27874,3.4,Davante Adams,348.p.27581,5.1,Matt Jones,348.p.28483,0.2,Charcandrick West,348.p.28044,7.4,Tyler Eifert,348.p.26644,15.7,Keshawn Martin,348.p.25831,0.0,Odell Beckham Jr.,348.p.27540,0.0,Kendall Wright,348.p.25730,0.0,Matt Forte,348.p.8821,0.0,David Cobb,348.p.28526,-0.3,Ameer Abdullah,348.p.28442,5.1,Dan Bailey,348.p.25427,4.5,New England,348.p.100017,11.0,,,The Scientist,11,
Ryan Tannehill,348.p.25718,13.57,Tavon Austin,348.p.26631,0.6,Terrance Williams,348.p.26697,15.9,T.J. Yeldon,348.p.28424,9.7,Frank Gore,348.p.7241,8.5,Julius Thomas,348.p.24916,11.3,Alfred Blue,348.p.27709,16.7,Antonio Brown,348.p.24171,0.0,Gary Barnidge,348.p.8907,0.0,Brandin Cooks,348.p.27548,0.0,Josh Brown,348.p.6558,0.0,,,,Cairo Santos,348.p.28227,5.5,Green Bay,348.p.100009,15.5,,,The fishingtons,11,
Russell Wilson,348.p.25785,23.67,T.Y. Hilton,348.p.25802,3.1,Danny Amendola,348.p.9037,16.2,LeGarrette Blount,348.p.24318,6.6,Giovani Bernard,348.p.26660,18.6,Martellus Bennett,348.p.8838,3.6,Amari Cooper,348.p.28392,0.9,Ted Ginn Jr.,348.p.8263,13.4,Marques Colston,348.p.8001,0.0,Jacob Tamme,348.p.8916,2.1,Carson Palmer,348.p.6337,21.47,Charles Sims,348.p.27597,14.4,Chandler Catanzaro,348.p.28103,7.0,Los Angeles,348.p.100014,10.0,,,Immortal Duffmen,11,
Cam Newton,348.p.24788,29.8,Jarvis Landry,348.p.27591,8.6,Pierre Garcon,348.p.8982,5.8,LeSean McCoy,348.p.9317,21.3,Lamar Miller,348.p.25807,6.5,Zach Ertz,348.p.26658,2.2,Sammy Watkins,348.p.27532,5.4,Shaun Draughn,348.p.25481,10.7,Heath Miller,348.p.7206,0.0,Dwayne Harris,348.p.24963,0.0,Rashad Jennings,348.p.9514,0.0,Nate Washington,348.p.7492,2.3,Caleb Sturgis,348.p.26789,4.0,Carolina,348.p.100029,20.0,,,Starr is Born,11,
Jay Cutler,348.p.7760,7.73,Brandon Marshall,348.p.7868,13.2,DeAndre Hopkins,348.p.26650,26.3,James Starks,348.p.24169,4.9,Marshawn Lynch,348.p.8266,0.0,Crockett Gillmore,348.p.27627,12.6,John Brown,348.p.27619,12.7,Andrew Luck,348.p.25711,0.0,Darren Sproles,348.p.7306,13.4,Jamison Crowder,348.p.28493,1.0,Andre Ellington,348.p.26810,1.2,Brandon Bolden,348.p.26389,1.5,Dan Carpenter,348.p.9032,7.5,Arizona,348.p.100022,7.5,,,Victor Cruisin,11,
Matt Ryan,348.p.8780,16.03,Randall Cobb,348.p.24851,9.4,Julio Jones,348.p.24793,20.5,Joique Bell,348.p.24262,4.5,Duke Johnson,348.p.28465,0.0,Jordan Reed,348.p.26708,5.6,Rishard Matthews,348.p.25937,2.0,Michael Floyd,348.p.25723,0.0,Jordan Cameron,348.p.24889,9.1,Mike Wallace,348.p.9348,0.6,Colin Kaepernick,348.p.24823,0.0,Theo Riddick,348.p.26822,11.1,Stephen Gostkowski,348.p.7867,7.0,Philadelphia,348.p.100021,2.5,,,"""Kurtz' Horror""",11,
Tom Brady,348.p.5228,21.33,A.J. Green,348.p.24791,21.1,Dez Bryant,348.p.23999,3.6,Ronnie Hillman,348.p.25777,11.4,James White,348.p.27658,1.6,Delanie Walker,348.p.7924,12.1,Allen Robinson II,348.p.27589,14.1,Devonta Freeman,348.p.27631,0.0,Carlos Hyde,348.p.27585,0.0,Jeremy Langford,348.p.28494,11.8,Steve Johnson,348.p.9001,18.7,Jay Ajayi,348.p.28537,7.8,Stephen Hauschka,348.p.9066,1.5,Pittsburgh,348.p.100023,1.5,,,The Ice Cold Bruschi,12,
Blake Bortles,348.p.27531,20.27,Mike Evans,348.p.27535,8.9,Alshon Jeffery,348.p.25755,11.5,Chris Ivory,348.p.24400,17.2,Adrian Peterson,348.p.8261,31.7,Greg Olsen,348.p.8285,9.5,Stefon Diggs,348.p.28534,5.1,Melvin Gordon III,348.p.28403,10.5,Matt Asiata,348.p.25238,3.5,Bilal Powell,348.p.24913,4.5,Jameis Winston,348.p.28389,12.87,Jonathan Grimes,348.p.26488,3.8,Brandon McManus,348.p.27120,3.5,Denver,348.p.100007,6.5,,,who invited canada,12,
Philip Rivers,348.p.6763,26.9,Calvin Johnson,348.p.8256,31.3,Andre Johnson,348.p.6339,2.7,Todd Gurley,348.p.28398,3.5,Doug Martin,348.p.25741,10.3,Vernon Davis,348.p.7755,2.0,Danny Woodhead,348.p.9560,7.7,Julian Edelman,348.p.9496,0.0,C.J. Anderson,348.p.26878,29.3,Joe Flacco,348.p.8795,0.0,Benjamin Watson,348.p.6791,7.3,,,,Mason Crosby,348.p.8447,6.5,Baltimore,348.p.100033,10.0,,,"""Jadeveon's Hit Men""",12,
Andy Dalton,348.p.24822,18.17,Michael Crabtree,348.p.9274,9.9,Eric Decker,348.p.24062,14.7,Jonathan Stewart,348.p.8790,9.2,Jeremy Hill,348.p.27583,10.5,Jimmy Graham,348.p.24070,9.5,Jordan Matthews,348.p.27570,13.5,Ryan Fitzpatrick,348.p.7426,26.33,Karlos Williams,348.p.28543,0.5,Richard Rodgers,348.p.27626,5.0,James Jones,348.p.8332,0.0,Isaiah Crowell,348.p.28014,0.7,Graham Gano,348.p.9526,13.5,Cincinnati,348.p.100004,19.5,,,The Dirty Diapers,12,
Aaron Rodgers,348.p.7200,12.03,Demaryius Thomas,348.p.23997,4.1,Jeremy Maclin,348.p.9283,26.5,DeAngelo Williams,348.p.7776,21.2,Mark Ingram II,348.p.24815,12.7,Antonio Gates,348.p.6663,19.3,Chris Johnson,348.p.8801,1.7,Eric Ebron,348.p.27538,3.8,Willie Snead IV,348.p.28026,7.0,Rueben Randle,348.p.25773,10.1,Vincent Jackson,348.p.7237,9.6,Spencer Ware,348.p.26817,19.0,Justin Tucker,348.p.26534,7.5,Kansas City,348.p.100012,6.0,,,Thug Bungalow,12,
Eli Manning,348.p.6760,10.7,Anquan Boldin,348.p.6390,13.3,DeSean Jackson,348.p.8826,13.6,Latavius Murray,348.p.26804,8.7,Darren McFadden,348.p.8781,8.6,Jason Witten,348.p.6405,5.6,Devin Funchess,348.p.28429,2.9,Eddie Lacy,348.p.26684,19.9,Charles Clay,348.p.24961,5.6,Alex Smith,348.p.7177,20.0,Cole Beasley,348.p.26060,13.4,Ben Roethlisberger,348.p.6770,17.0,Adam Vinatieri,348.p.3727,10.5,Seattle,348.p.100026,10.5,,,"""Lauren's Legit Team""",12,
Drew Brees,348.p.5479,4.6,Martavis Bryant,348.p.27646,16.5,Emmanuel Sanders,348.p.24057,14.3,DeMarco Murray,348.p.24858,3.0,Thomas Rawls,348.p.28714,14.1,Travis Kelce,348.p.26686,14.9,Brandon LaFell,348.p.24053,5.6,Kamar Aiken,348.p.25379,17.0,Antonio Andrews,348.p.27946,5.1,Tony Romo,348.p.6624,-2.47,Doug Baldwin,348.p.25105,35.5,Dontrelle Inman,348.p.25120,15.0,Blair Walsh,348.p.25885,6.0,Houston,348.p.100034,14.5,,,Thunder Crotches,12,
Peyton Manning,348.p.4256,0.0,Golden Tate,348.p.24035,14.5,Larry Fitzgerald,348.p.6762,11.6,Justin Forsett,348.p.9010,0.0,Shane Vereen,348.p.24843,5.6,Rob Gronkowski,348.p.24017,17.8,Travis Benjamin,348.p.25810,19.0,C.J. Spiller,348.p.23984,1.6,Marvin Jones Jr.,348.p.25876,7.0,Ryan Mathews,348.p.23987,0.0,Nick Foles,348.p.25798,1.8,Christine Michael,348.p.26685,0.0,Matt Prater,348.p.8565,6.0,Buffalo,348.p.100002,1.5,,,"""John Brown's Army""",12,
Derek Carr,348.p.27564,20.5,Allen Hurns,348.p.27874,6.2,Davante Adams,348.p.27581,2.4,Matt Forte,348.p.8821,5.8,Ahmad Bradshaw,348.p.8504,4.1,Tyler Eifert,348.p.26644,11.5,Odell Beckham Jr.,348.p.27540,24.7,Matt Jones,348.p.28483,6.9,Charcandrick West,348.p.28044,0.0,Kendall Wright,348.p.25730,2.5,David Cobb,348.p.28526,0.8,Ameer Abdullah,348.p.28442,8.0,Dan Bailey,348.p.25427,5.0,New England,348.p.100017,7.0,,,The Scientist,12,
Ryan Tannehill,348.p.25718,19.7,Brandin Cooks,348.p.27548,6.0,Antonio Brown,348.p.24171,8.1,T.J. Yeldon,348.p.28424,10.2,Frank Gore,348.p.7241,4.7,Gary Barnidge,348.p.8907,12.6,Alfred Blue,348.p.27709,14.6,Julius Thomas,348.p.24916,22.1,Terrance Williams,348.p.26697,5.9,Tavon Austin,348.p.26631,18.6,Tevin Coleman,348.p.28461,9.0,,,,Josh Brown,348.p.6558,1.0,Green Bay,348.p.100009,5.5,,,The fishingtons,12,
Carson Palmer,348.p.6337,15.63,T.Y. Hilton,348.p.25802,23.5,Marques Colston,348.p.8001,5.3,LeGarrette Blount,348.p.24318,2.7,Giovani Bernard,348.p.26660,6.7,Jacob Tamme,348.p.8916,9.4,Amari Cooper,348.p.28392,15.0,Danny Amendola,348.p.9037,0.0,Russell Wilson,348.p.25785,31.9,Martellus Bennett,348.p.8838,0.0,Ted Ginn Jr.,348.p.8263,0.0,Charles Sims,348.p.27597,5.4,Chandler Catanzaro,348.p.28103,5.5,Los Angeles,348.p.100014,2.5,,,Immortal Duffmen,12,
Cam Newton,348.p.24788,15.6,Jarvis Landry,348.p.27591,29.4,Pierre Garcon,348.p.8982,5.0,LeSean McCoy,348.p.9317,15.6,Lamar Miller,348.p.25807,2.8,Heath Miller,348.p.7206,7.0,Shaun Draughn,348.p.25481,11.1,Sammy Watkins,348.p.27532,30.8,Zach Ertz,348.p.26658,0.0,Dwayne Harris,348.p.24963,2.9,Rashad Jennings,348.p.9514,3.8,Nate Washington,348.p.7492,5.8,Caleb Sturgis,348.p.26789,1.0,Carolina,348.p.100029,24.5,,,Starr is Born,12,
Jay Cutler,348.p.7760,10.57,Brandon Marshall,348.p.7868,29.6,DeAndre Hopkins,348.p.26650,6.1,James Starks,348.p.24169,10.0,Knile Davis,348.p.26719,0.1,Crockett Gillmore,348.p.27627,3.5,Jamison Crowder,348.p.28493,2.2,Fred Jackson,348.p.8063,2.1,John Brown,348.p.27619,12.4,Marshawn Lynch,348.p.8266,0.0,Andrew Luck,348.p.25711,0.0,Darren Sproles,348.p.7306,4.5,Dan Carpenter,348.p.9032,2.5,Arizona,348.p.100022,12.0,,,Victor Cruisin,12,
Matt Ryan,348.p.8780,6.57,Randall Cobb,348.p.24851,9.4,Julio Jones,348.p.24793,8.1,Duke Johnson,348.p.28465,7.5,Javorius Allen,348.p.28513,16.4,Jordan Reed,348.p.26708,13.8,Rishard Matthews,348.p.25937,0.0,Joique Bell,348.p.24262,15.2,Michael Floyd,348.p.25723,1.9,Jordan Cameron,348.p.24889,2.3,Mike Wallace,348.p.9348,0.0,Theo Riddick,348.p.26822,15.3,Stephen Gostkowski,348.p.7867,4.5,Philadelphia,348.p.100021,2.0,,,"""Kurtz' Horror""",12,
Tom Brady,348.p.5228,30.2,A.J. Green,348.p.24791,21.3,Allen Robinson II,348.p.27589,38.3,Devonta Freeman,348.p.27631,15.3,Ronnie Hillman,348.p.25777,5.6,Delanie Walker,348.p.7924,19.2,Dez Bryant,348.p.23999,7.7,Carlos Hyde,348.p.27585,0.0,James White,348.p.27658,22.9,Jeremy Langford,348.p.28494,7.8,Steve Johnson,348.p.9001,0.0,Alfred Morris,348.p.25883,1.2,Stephen Hauschka,348.p.9066,4.5,Pittsburgh,348.p.100023,17.5,,,The Ice Cold Bruschi,13,
Blake Bortles,348.p.27531,30.63,Mike Evans,348.p.27535,14.6,Alshon Jeffery,348.p.25755,10.5,Chris Ivory,348.p.24400,7.4,Adrian Peterson,348.p.8261,4.4,Greg Olsen,348.p.8285,15.4,Brian Hartline,348.p.9372,12.3,Melvin Gordon III,348.p.28403,3.8,Stefon Diggs,348.p.28534,2.6,Matt Asiata,348.p.25238,-0.1,Bilal Powell,348.p.24913,20.8,Jonathan Grimes,348.p.26488,6.3,Brandon McManus,348.p.27120,3.0,Denver,348.p.100007,25.5,,,who invited canada,13,
Philip Rivers,348.p.6763,4.73,Calvin Johnson,348.p.8256,11.9,Andre Johnson,348.p.6339,5.4,Todd Gurley,348.p.28398,4.1,Doug Martin,348.p.25741,14.5,Benjamin Watson,348.p.6791,11.8,Danny Woodhead,348.p.9560,4.9,Vernon Davis,348.p.7755,3.5,Julian Edelman,348.p.9496,0.0,C.J. Anderson,348.p.26878,5.9,Joe Flacco,348.p.8795,0.0,,,,Mason Crosby,348.p.8447,1.5,Baltimore,348.p.100033,9.0,,,"""Jadeveon's Hit Men""",13,
Andy Dalton,348.p.24822,22.43,Michael Crabtree,348.p.9274,13.0,Eric Decker,348.p.24062,14.1,Jonathan Stewart,348.p.8790,16.8,Jeremy Hill,348.p.27583,15.8,Scott Chandler,348.p.8383,14.1,Jordan Matthews,348.p.27570,10.1,Ryan Fitzpatrick,348.p.7426,23.2,Karlos Williams,348.p.28543,0.0,Richard Rodgers,348.p.27626,24.6,James Jones,348.p.8332,2.4,Isaiah Crowell,348.p.28014,6.9,Graham Gano,348.p.9526,2.5,Cincinnati,348.p.100004,17.5,,,The Dirty Diapers,13,
Aaron Rodgers,348.p.7200,22.8,Demaryius Thomas,348.p.23997,15.1,Jeremy Maclin,348.p.9283,24.0,DeAngelo Williams,348.p.7776,16.0,Mark Ingram II,348.p.24815,15.9,Antonio Gates,348.p.6663,8.0,Vincent Jackson,348.p.7237,10.2,Eric Ebron,348.p.27538,7.9,Willie Snead IV,348.p.28026,0.0,Rueben Randle,348.p.25773,3.2,Spencer Ware,348.p.26817,9.5,,,,Justin Tucker,348.p.26534,6.5,Kansas City,348.p.100012,21.5,,,Thug Bungalow,13,
Ben Roethlisberger,348.p.6770,30.43,Anquan Boldin,348.p.6390,6.2,DeSean Jackson,348.p.8826,15.0,Latavius Murray,348.p.26804,15.7,Darren McFadden,348.p.8781,8.4,Jason Witten,348.p.6405,7.1,Devin Funchess,348.p.28429,7.8,Donte Moncrief,348.p.27618,3.8,Eli Manning,348.p.6760,12.1,Eddie Lacy,348.p.26684,0.6,Charles Clay,348.p.24961,14.6,Cole Beasley,348.p.26060,0.0,Adam Vinatieri,348.p.3727,3.5,Seattle,348.p.100026,15.0,,,"""Lauren's Legit Team""",13,
Drew Brees,348.p.5479,20.6,Martavis Bryant,348.p.27646,19.4,Emmanuel Sanders,348.p.24057,3.9,DeMarco Murray,348.p.24858,2.4,Thomas Rawls,348.p.28714,17.8,Travis Kelce,348.p.26686,4.2,Kamar Aiken,348.p.25379,7.8,Brandon LaFell,348.p.24053,4.7,Doug Baldwin,348.p.25105,23.9,Antonio Andrews,348.p.27946,13.3,Tony Romo,348.p.6624,0.0,Dontrelle Inman,348.p.25120,2.0,Blair Walsh,348.p.25885,0.5,Houston,348.p.100034,1.5,,,Thunder Crotches,13,
Peyton Manning,348.p.4256,0.0,Golden Tate,348.p.24035,10.6,Larry Fitzgerald,348.p.6762,9.5,Justin Forsett,348.p.9010,0.0,Shane Vereen,348.p.24843,3.0,Rob Gronkowski,348.p.24017,0.0,Travis Benjamin,348.p.25810,0.0,C.J. Spiller,348.p.23984,0.5,Marvin Jones Jr.,348.p.25876,14.0,Ryan Mathews,348.p.23987,0.0,Nick Foles,348.p.25798,2.67,Christine Michael,348.p.26685,0.0,Matt Prater,348.p.8565,11.0,Buffalo,348.p.100002,5.0,,,"""John Brown's Army""",13,
Derek Carr,348.p.27564,10.43,Davante Adams,348.p.27581,10.1,Kendall Wright,348.p.25730,4.3,Matt Forte,348.p.8821,20.8,Charcandrick West,348.p.28044,5.4,Austin Seferian-Jenkins,348.p.27566,4.6,Odell Beckham Jr.,348.p.27540,23.9,Tyler Eifert,348.p.26644,0.0,Allen Hurns,348.p.27874,0.0,Matt Jones,348.p.28483,5.9,David Cobb,348.p.28526,4.0,Ameer Abdullah,348.p.28442,6.7,Dan Bailey,348.p.25427,12.5,New England,348.p.100017,3.5,,,The Scientist,13,
Ryan Tannehill,348.p.25718,7.97,Brandin Cooks,348.p.27548,19.4,Antonio Brown,348.p.24171,33.8,T.J. Yeldon,348.p.28424,21.6,Alfred Blue,348.p.27709,1.4,Gary Barnidge,348.p.8907,8.4,Julius Thomas,348.p.24916,8.5,Frank Gore,348.p.7241,16.9,Terrance Williams,348.p.26697,7.3,Tavon Austin,348.p.26631,4.3,Tevin Coleman,348.p.28461,2.2,DeVante Parker,348.p.28402,13.8,Josh Brown,348.p.6558,6.0,Green Bay,348.p.100009,9.0,,,The fishingtons,13,
Carson Palmer,348.p.6337,19.87,T.Y. Hilton,348.p.25802,5.1,Danny Amendola,348.p.9037,16.9,LeGarrette Blount,348.p.24318,5.4,Giovani Bernard,348.p.26660,4.0,Jacob Tamme,348.p.8916,4.1,Amari Cooper,348.p.28392,8.2,Marques Colston,348.p.8001,1.9,Russell Wilson,348.p.25785,32.23,Martellus Bennett,348.p.8838,1.9,Ted Ginn Jr.,348.p.8263,22.5,Charles Sims,348.p.27597,8.7,Chandler Catanzaro,348.p.28103,6.5,Los Angeles,348.p.100014,5.5,,,Immortal Duffmen,13,
Cam Newton,348.p.24788,33.93,Jarvis Landry,348.p.27591,1.5,Sammy Watkins,348.p.27532,18.4,LeSean McCoy,348.p.9317,11.2,Lamar Miller,348.p.25807,10.3,Heath Miller,348.p.7206,0.0,Shaun Draughn,348.p.25481,17.1,Pierre Garcon,348.p.8982,7.9,Zach Ertz,348.p.26658,7.9,Dwayne Harris,348.p.24963,7.3,Nate Washington,348.p.7492,7.4,David Johnson,348.p.9505,0.2,Dustin Hopkins,348.p.26800,9.5,Carolina,348.p.100029,5.0,,,Starr is Born,13,
Jay Cutler,348.p.7760,5.73,Brandon Marshall,348.p.7868,25.1,DeAndre Hopkins,348.p.26650,17.3,James Starks,348.p.24169,6.5,David Johnson,348.p.28474,18.0,Crockett Gillmore,348.p.27627,1.2,John Brown,348.p.27619,14.3,Darren Sproles,348.p.7306,18.0,Jamison Crowder,348.p.28493,4.4,Fred Jackson,348.p.8063,8.8,Marshawn Lynch,348.p.8266,0.0,Andrew Luck,348.p.25711,0.0,Dan Carpenter,348.p.9032,4.5,Arizona,348.p.100022,10.0,,,Victor Cruisin,13,
Matt Ryan,348.p.8780,10.37,Randall Cobb,348.p.24851,4.8,Julio Jones,348.p.24793,13.3,Duke Johnson,348.p.28465,5.2,Javorius Allen,348.p.28513,29.0,Jordan Reed,348.p.26708,4.8,Theo Riddick,348.p.26822,5.6,Rishard Matthews,348.p.25937,0.0,Joique Bell,348.p.24262,4.0,Michael Floyd,348.p.25723,13.9,Jordan Cameron,348.p.24889,0.9,Mike Wallace,348.p.9348,5.3,Stephen Gostkowski,348.p.7867,2.0,Tennessee,348.p.100010,7.5,,,"""Kurtz' Horror""",13,
Tom Brady,348.p.5228,16.53,A.J. Green,348.p.24791,22.2,Allen Robinson II,348.p.27589,6.9,Devonta Freeman,348.p.27631,5.7,Ronnie Hillman,348.p.25777,8.6,Delanie Walker,348.p.7924,10.6,Dez Bryant,348.p.23999,1.4,James White,348.p.27658,12.0,Jeremy Langford,348.p.28494,7.9,Steve Johnson,348.p.9001,0.0,Tevin Coleman,348.p.28461,1.5,Pittsburgh,348.p.100023,18.0,Stephen Hauschka,348.p.9066,2.5,New York,348.p.100020,14.5,,,The Ice Cold Bruschi,14,
Blake Bortles,348.p.27531,23.03,Alshon Jeffery,348.p.25755,19.7,Mike Evans,348.p.27535,5.4,Adrian Peterson,348.p.8261,13.1,Chris Ivory,348.p.24400,11.2,Greg Olsen,348.p.8285,6.7,Brian Hartline,348.p.9372,13.7,Melvin Gordon III,348.p.28403,8.3,Stefon Diggs,348.p.28534,2.2,Matt Asiata,348.p.25238,4.0,Bilal Powell,348.p.24913,16.7,Tyler Lockett,348.p.28457,25.4,Brandon McManus,348.p.27120,10.0,Denver,348.p.100007,9.0,,,who invited canada,14,
Philip Rivers,348.p.6763,7.17,Calvin Johnson,348.p.8256,2.1,Andre Johnson,348.p.6339,3.4,Todd Gurley,348.p.28398,27.2,Doug Martin,348.p.25741,15.1,Benjamin Watson,348.p.6791,10.5,Danny Woodhead,348.p.9560,2.8,Vernon Davis,348.p.7755,10.9,Julian Edelman,348.p.9496,0.0,C.J. Anderson,348.p.26878,0.0,Joe Flacco,348.p.8795,0.0,,,,Mason Crosby,348.p.8447,2.0,Baltimore,348.p.100033,0.5,,,"""Jadeveon's Hit Men""",14,
Andy Dalton,348.p.24822,-0.03,Michael Crabtree,348.p.9274,3.9,Eric Decker,348.p.24062,16.9,Jonathan Stewart,348.p.8790,15.4,Jeremy Hill,348.p.27583,3.4,Scott Chandler,348.p.8383,0.0,Jordan Matthews,348.p.27570,3.4,Ryan Fitzpatrick,348.p.7426,23.07,Richard Rodgers,348.p.27626,6.8,James Jones,348.p.8332,6.9,Isaiah Crowell,348.p.28014,27.9,Cameron Artis-Payne,348.p.28562,0.0,Graham Gano,348.p.9526,5.5,Cincinnati,348.p.100004,6.0,,,The Dirty Diapers,14,
Aaron Rodgers,348.p.7200,17.97,Demaryius Thomas,348.p.23997,12.5,Jeremy Maclin,348.p.9283,9.6,DeAngelo Williams,348.p.7776,22.1,Spencer Ware,348.p.26817,5.2,Antonio Gates,348.p.6663,10.6,Vincent Jackson,348.p.7237,1.0,Tim Hightower,348.p.8926,16.0,Mark Ingram II,348.p.24815,0.0,Eric Ebron,348.p.27538,4.2,Willie Snead IV,348.p.28026,15.7,Rueben Randle,348.p.25773,14.3,Justin Tucker,348.p.26534,5.0,Kansas City,348.p.100012,18.0,,,Thug Bungalow,14,
Ben Roethlisberger,348.p.6770,8.0,Anquan Boldin,348.p.6390,3.2,DeSean Jackson,348.p.8826,5.3,Latavius Murray,348.p.26804,2.7,Darren McFadden,348.p.8781,11.1,Jason Witten,348.p.6405,6.5,Devin Funchess,348.p.28429,4.0,Donte Moncrief,348.p.27618,6.7,Eli Manning,348.p.6760,25.03,Eddie Lacy,348.p.26684,21.3,Charles Clay,348.p.24961,1.4,Cole Beasley,348.p.26060,4.0,Adam Vinatieri,348.p.3727,7.5,Seattle,348.p.100026,13.0,,,"""Lauren's Legit Team""",14,
Drew Brees,348.p.5479,18.4,Martavis Bryant,348.p.27646,8.5,Emmanuel Sanders,348.p.24057,0.7,Thomas Rawls,348.p.28714,4.4,Antonio Andrews,348.p.27946,7.27,Travis Kelce,348.p.26686,3.3,Doug Baldwin,348.p.25105,29.2,DeMarco Murray,348.p.24858,4.7,Kamar Aiken,348.p.25379,11.5,Brandon LaFell,348.p.24053,5.7,Tony Romo,348.p.6624,0.0,Dontrelle Inman,348.p.25120,0.0,Blair Walsh,348.p.25885,8.0,Houston,348.p.100034,8.0,,,Thunder Crotches,14,
Peyton Manning,348.p.4256,0.0,Golden Tate,348.p.24035,24.0,Larry Fitzgerald,348.p.6762,6.6,Justin Forsett,348.p.9010,0.0,Shane Vereen,348.p.24843,1.5,Rob Gronkowski,348.p.24017,16.7,Travis Benjamin,348.p.25810,5.1,C.J. Spiller,348.p.23984,2.4,Marvin Jones Jr.,348.p.25876,9.1,Ryan Mathews,348.p.23987,5.2,Nick Foles,348.p.25798,0.0,Christine Michael,348.p.26685,0.0,Matt Prater,348.p.8565,1.0,Buffalo,348.p.100002,5.0,,,"""John Brown's Army""",14,
Derek Carr,348.p.27564,11.1,Odell Beckham Jr.,348.p.27540,32.1,Allen Hurns,348.p.27874,18.0,Matt Forte,348.p.8821,11.8,Charcandrick West,348.p.28044,5.4,Tyler Eifert,348.p.26644,5.2,Matt Jones,348.p.28483,8.6,Davante Adams,348.p.27581,2.2,Kendall Wright,348.p.25730,0.0,Austin Seferian-Jenkins,348.p.27566,4.6,David Cobb,348.p.28526,0.1,Ameer Abdullah,348.p.28442,5.4,Dan Bailey,348.p.25427,0.5,New England,348.p.100017,19.0,,,The Scientist,14,
Tyrod Taylor,348.p.24967,16.23,Brandin Cooks,348.p.27548,4.4,Antonio Brown,348.p.24171,12.2,T.J. Yeldon,348.p.28424,6.8,Frank Gore,348.p.7241,6.4,Julius Thomas,348.p.24916,13.9,Gary Barnidge,348.p.8907,16.9,Ryan Tannehill,348.p.25718,14.27,Alfred Blue,348.p.27709,0.0,Terrance Williams,348.p.26697,5.3,Tavon Austin,348.p.26631,7.4,DeVante Parker,348.p.28402,2.6,Josh Brown,348.p.6558,5.0,Green Bay,348.p.100009,9.5,,,The fishingtons,14,
Carson Palmer,348.p.6337,18.63,T.Y. Hilton,348.p.25802,15.2,Danny Amendola,348.p.9037,7.6,LeGarrette Blount,348.p.24318,5.3,Giovani Bernard,348.p.26660,8.2,Jacob Tamme,348.p.8916,4.6,Amari Cooper,348.p.28392,0.0,Marques Colston,348.p.8001,18.6,Russell Wilson,348.p.25785,30.33,Martellus Bennett,348.p.8838,0.0,Ted Ginn Jr.,348.p.8263,25.5,Charles Sims,348.p.27597,10.4,Chandler Catanzaro,348.p.28103,8.0,Los Angeles,348.p.100014,18.0,,,Immortal Duffmen,14,
Cam Newton,348.p.24788,21.23,Jarvis Landry,348.p.27591,15.4,Sammy Watkins,348.p.27532,16.7,LeSean McCoy,348.p.9317,12.9,Lamar Miller,348.p.25807,20.9,Zach Ertz,348.p.26658,12.3,Shaun Draughn,348.p.25481,6.1,Pierre Garcon,348.p.8982,7.7,Dwayne Harris,348.p.24963,6.6,Dorial Green-Beckham,348.p.28428,6.8,Markus Wheaton,348.p.26702,8.5,Will Tye,348.p.29046,11.5,Cairo Santos,348.p.28227,3.5,Carolina,348.p.100029,26.0,,,Starr is Born,14,
Jay Cutler,348.p.7760,17.0,Brandon Marshall,348.p.7868,21.5,DeAndre Hopkins,348.p.26650,6.7,James Starks,348.p.24169,24.3,David Johnson,348.p.28474,14.8,Crockett Gillmore,348.p.27627,0.0,John Brown,348.p.27619,15.8,Darren Sproles,348.p.7306,11.5,Jamison Crowder,348.p.28493,1.8,Fred Jackson,348.p.8063,2.8,Marshawn Lynch,348.p.8266,0.0,Andrew Luck,348.p.25711,0.0,Dan Carpenter,348.p.9032,7.0,Arizona,348.p.100022,14.5,,,Victor Cruisin,14,
Matt Ryan,348.p.8780,2.37,Randall Cobb,348.p.24851,13.0,Julio Jones,348.p.24793,11.3,Duke Johnson,348.p.28465,8.9,Javorius Allen,348.p.28513,6.3,Jordan Reed,348.p.26708,22.5,Theo Riddick,348.p.26822,9.7,Rishard Matthews,348.p.25937,0.0,Joique Bell,348.p.24262,8.5,Michael Floyd,348.p.25723,18.7,Jordan Cameron,348.p.24889,4.0,Mike Wallace,348.p.9348,11.7,Stephen Gostkowski,348.p.7867,7.5,Tennessee,348.p.100010,2.0,,,"""Kurtz' Horror""",14,
Tom Brady,348.p.5228,16.9,A.J. Green,348.p.24791,4.2,Allen Robinson II,348.p.27589,13.2,Devonta Freeman,348.p.27631,19.6,Denard Robinson,348.p.26758,9.4,Delanie Walker,348.p.7924,19.4,Bryce Brown,348.p.25939,4.3,James White,348.p.27658,17.2,Steve Johnson,348.p.9001,0.0,Ronnie Hillman,348.p.25777,2.8,Jeremy Langford,348.p.28494,6.2,Pittsburgh,348.p.100023,8.5,Chris Boswell,348.p.28188,7.0,New York,348.p.100020,14.5,,,The Ice Cold Bruschi,15,
Blake Bortles,348.p.27531,21.3,Alshon Jeffery,348.p.25755,7.5,Mike Evans,348.p.27535,20.2,Adrian Peterson,348.p.8261,6.3,Chris Ivory,348.p.24400,4.7,Greg Olsen,348.p.8285,16.9,Tyler Lockett,348.p.28457,14.0,Melvin Gordon III,348.p.28403,5.2,Bilal Powell,348.p.24913,17.4,Fozzy Whittaker,348.p.26596,2.6,Mike Tolbert,348.p.9043,1.0,Denver,348.p.100007,7.5,Randy Bullock,348.p.25871,6.5,Jacksonville,348.p.100030,7.0,,,who invited canada,15,
Philip Rivers,348.p.6763,18.37,Calvin Johnson,348.p.8256,2.4,Andre Johnson,348.p.6339,4.7,Todd Gurley,348.p.28398,14.9,Doug Martin,348.p.25741,10.2,Benjamin Watson,348.p.6791,13.9,Danny Woodhead,348.p.9560,33.0,Vernon Davis,348.p.7755,1.0,Julian Edelman,348.p.9496,0.0,C.J. Anderson,348.p.26878,2.5,Joe Flacco,348.p.8795,0.0,,,,Mason Crosby,348.p.8447,8.5,Baltimore,348.p.100033,8.0,,,"""Jadeveon's Hit Men""",15,
Matthew Stafford,348.p.9265,20.37,Michael Crabtree,348.p.9274,10.0,Eric Decker,348.p.24062,14.5,Jeremy Hill,348.p.27583,13.1,Isaiah Crowell,348.p.28014,4.5,Richard Rodgers,348.p.27626,1.2,Jordan Matthews,348.p.27570,25.9,Heath Miller,348.p.7206,2.7,James Jones,348.p.8332,17.2,Ryan Fitzpatrick,348.p.7426,13.27,Jonathan Stewart,348.p.8790,0.0,Cameron Artis-Payne,348.p.28562,10.3,Graham Gano,348.p.9526,5.5,Cincinnati,348.p.100004,17.0,,,The Dirty Diapers,15,
Aaron Rodgers,348.p.7200,8.7,Demaryius Thomas,348.p.23997,20.6,Jeremy Maclin,348.p.9283,13.5,DeAngelo Williams,348.p.7776,14.1,Tim Hightower,348.p.8926,10.0,Antonio Gates,348.p.6663,11.8,Willie Snead IV,348.p.28026,11.6,Spencer Ware,348.p.26817,0.0,Vincent Jackson,348.p.7237,0.0,Mark Ingram II,348.p.24815,0.0,Rueben Randle,348.p.25773,12.7,Zach Miller,348.p.9444,8.7,Justin Tucker,348.p.26534,1.0,Kansas City,348.p.100012,23.5,,,Thug Bungalow,15,
Ben Roethlisberger,348.p.6770,20.37,Anquan Boldin,348.p.6390,15.4,DeSean Jackson,348.p.8826,24.3,Latavius Murray,348.p.26804,8.5,Darren McFadden,348.p.8781,12.3,Jason Witten,348.p.6405,7.4,Devin Funchess,348.p.28429,10.0,Donte Moncrief,348.p.27618,13.6,Eli Manning,348.p.6760,22.57,Eddie Lacy,348.p.26684,2.3,Charles Clay,348.p.24961,0.0,Cole Beasley,348.p.26060,5.2,Adam Vinatieri,348.p.3727,2.5,Seattle,348.p.100026,11.0,,,"""Lauren's Legit Team""",15,
Drew Brees,348.p.5479,24.47,Martavis Bryant,348.p.27646,13.7,Emmanuel Sanders,348.p.24057,31.5,Antonio Andrews,348.p.27946,9.5,DeMarco Murray,348.p.24858,0.3,Travis Kelce,348.p.26686,10.3,Doug Baldwin,348.p.25105,18.5,Thomas Rawls,348.p.28714,0.0,Kamar Aiken,348.p.25379,22.8,Brandon LaFell,348.p.24053,10.8,Tony Romo,348.p.6624,0.0,Dontrelle Inman,348.p.25120,9.3,Blair Walsh,348.p.25885,6.5,Houston,348.p.100034,13.0,,,Thunder Crotches,15,
Peyton Manning,348.p.4256,0.0,Golden Tate,348.p.24035,19.5,Larry Fitzgerald,348.p.6762,5.8,Justin Forsett,348.p.9010,0.0,Shane Vereen,348.p.24843,17.2,Rob Gronkowski,348.p.24017,13.9,Travis Benjamin,348.p.25810,5.0,C.J. Spiller,348.p.23984,2.8,Marvin Jones Jr.,348.p.25876,10.9,Ryan Mathews,348.p.23987,4.6,Nick Foles,348.p.25798,0.0,Christine Michael,348.p.26685,8.4,Matt Prater,348.p.8565,2.5,Buffalo,348.p.100002,1.5,,,"""John Brown's Army""",15,
Derek Carr,348.p.27564,17.4,Odell Beckham Jr.,348.p.27540,15.6,Allen Hurns,348.p.27874,5.4,Matt Forte,348.p.8821,19.4,Charcandrick West,348.p.28044,15.5,Kyle Rudolph,348.p.24830,3.1,Matt Jones,348.p.28483,4.1,Tyler Eifert,348.p.26644,0.0,Davante Adams,348.p.27581,5.7,Austin Seferian-Jenkins,348.p.27566,10.4,David Cobb,348.p.28526,0.9,Ameer Abdullah,348.p.28442,13.9,Dan Bailey,348.p.25427,9.5,New England,348.p.100017,21.0,,,The Scientist,15,
Tyrod Taylor,348.p.24967,23.73,Brandin Cooks,348.p.27548,23.4,Antonio Brown,348.p.24171,38.9,Frank Gore,348.p.7241,6.4,Rashad Jennings,348.p.9514,15.2,Julius Thomas,348.p.24916,10.9,Gary Barnidge,348.p.8907,10.4,T.J. Yeldon,348.p.28424,0.0,Ryan Tannehill,348.p.25718,12.6,Tavon Austin,348.p.26631,20.8,DeVante Parker,348.p.28402,10.7,Alfred Morris,348.p.25883,8.4,Josh Brown,348.p.6558,2.5,Green Bay,348.p.100009,17.5,,,The fishingtons,15,
Carson Palmer,348.p.6337,13.13,T.Y. Hilton,348.p.25802,4.4,Danny Amendola,348.p.9037,-1.2,Giovani Bernard,348.p.26660,7.1,Charles Sims,348.p.27597,8.7,Jacob Tamme,348.p.8916,0.0,Amari Cooper,348.p.28392,27.0,LeGarrette Blount,348.p.24318,0.0,Marques Colston,348.p.8001,10.9,Russell Wilson,348.p.25785,24.9,Martellus Bennett,348.p.8838,0.0,Ted Ginn Jr.,348.p.8263,23.5,Chandler Catanzaro,348.p.28103,7.0,Los Angeles,348.p.100014,6.0,,,Immortal Duffmen,15,
Cam Newton,348.p.24788,39.33,Jarvis Landry,348.p.27591,9.4,Sammy Watkins,348.p.27532,25.6,LeSean McCoy,348.p.9317,4.2,Lamar Miller,348.p.25807,3.4,Zach Ertz,348.p.26658,17.8,Shaun Draughn,348.p.25481,4.7,Pierre Garcon,348.p.8982,10.9,Dwayne Harris,348.p.24963,1.9,Markus Wheaton,348.p.26702,15.2,Will Tye,348.p.29046,12.8,Brandon Bolden,348.p.26389,6.4,Cairo Santos,348.p.28227,9.0,Carolina,348.p.100029,1.5,,,Starr is Born,15,
Jay Cutler,348.p.7760,11.8,Brandon Marshall,348.p.7868,9.4,DeAndre Hopkins,348.p.26650,13.4,James Starks,348.p.24169,4.1,David Johnson,348.p.28474,42.9,Crockett Gillmore,348.p.27627,0.0,John Brown,348.p.27619,11.3,Darren Sproles,348.p.7306,4.0,Jamison Crowder,348.p.28493,1.6,Fred Jackson,348.p.8063,2.7,Marshawn Lynch,348.p.8266,0.0,Andrew Luck,348.p.25711,0.0,Dan Carpenter,348.p.9032,4.0,Arizona,348.p.100022,18.5,,,Victor Cruisin,15,
Matt Ryan,348.p.8780,10.2,Randall Cobb,348.p.24851,8.3,Julio Jones,348.p.24793,22.3,Javorius Allen,348.p.28513,-0.2,Theo Riddick,348.p.26822,4.0,Jordan Reed,348.p.26708,23.9,Michael Floyd,348.p.25723,9.5,Duke Johnson,348.p.28465,10.0,Rishard Matthews,348.p.25937,0.0,Joique Bell,348.p.24262,16.1,Jordan Cameron,348.p.24889,1.0,Mike Wallace,348.p.9348,5.2,Stephen Gostkowski,348.p.7867,13.5,Detroit,348.p.100008,2.5,,,"""Kurtz' Horror""",15,
